"STATION","DATE","LATITUDE","LONGITUDE","ELEVATION","NAME","TEMP","TEMP_ATTRIBUTES","DEWP","DEWP_ATTRIBUTES","SLP","SLP_ATTRIBUTES","STP","STP_ATTRIBUTES","VISIB","VISIB_ATTRIBUTES","WDSP","WDSP_ATTRIBUTES","MXSPD","GUST","MAX","MAX_ATTRIBUTES","MIN","MIN_ATTRIBUTES","PRCP","PRCP_ATTRIBUTES","SNDP","FRSHTT"
"48998099999","2025-01-01","11.0833333","105.8","6.0","SVAY RIENG, CB","  80.0","24","  68.3","24","1010.9","24","010.1","24","999.9"," 0","  3.5","24","  7.8","999.9","  89.6"," ","  72.0"," "," 0.00","G","999.9","000000"
"48998099999","2025-01-02","11.0833333","105.8","6.0","SVAY RIENG, CB","  81.4","24","  69.2","24","1010.9","24","010.1","24","999.9"," 0","  3.4","24","  7.8","999.9","  87.6"," ","  73.6"," "," 0.00","G","999.9","000000"
"48998099999","2025-01-03","11.0833333","105.8","6.0","SVAY RIENG, CB","  83.9","15","  68.0","15","1011.3","15","010.5","15","999.9"," 0","  3.8","15","  7.8","999.9","  91.2"," ","  74.5"," "," 0.00","G","999.9","000000"
"48998099999","2025-01-04","11.0833333","105.8","6.0","SVAY RIENG, CB","  79.1","14","  63.9","14","1011.7","14","010.8","14","999.9"," 0","  2.8","14","  7.8","999.9","  88.9","*","  70.2","*"," 0.00","I","999.9","000000"
"48998099999","2025-01-05","11.0833333","105.8","6.0","SVAY RIENG, CB","  78.1","22","  62.4","22","1012.4","22","011.6","22","999.9"," 0","  3.5","22","  7.8","999.9","  88.9"," ","  69.4","*"," 0.00","I","999.9","000000"
"48998099999","2025-01-06","11.0833333","105.8","6.0","SVAY RIENG, CB","  77.4","24","  66.5","24","1012.3","24","011.5","24","999.9"," 0","  2.8","24","  5.8","999.9","  88.0"," ","  69.1"," "," 0.00","G","999.9","000000"
"48998099999","2025-01-07","11.0833333","105.8","6.0","SVAY RIENG, CB","  79.6","23","  67.8","23","1012.2","23","011.4","23","999.9"," 0","  2.7","23","  5.8","999.9","  89.8"," ","  69.1"," "," 0.00","G","999.9","000000"
"48998099999","2025-01-08","11.0833333","105.8","6.0","SVAY RIENG, CB","  78.4","14","  70.3","14","1012.3","14","011.4","14","999.9"," 0","  2.4","14","  3.9","999.9","  90.1","*","  69.4"," "," 0.00","G","999.9","000000"
"48998099999","2025-01-09","11.0833333","105.8","6.0","SVAY RIENG, CB","  80.2","18","  68.6","18","1013.3","18","012.5","18","999.9"," 0","  2.5","18","  3.9","999.9","  90.1"," ","  71.2"," "," 0.00","I","999.9","000000"
"48998099999","2025-01-10","11.0833333","105.8","6.0","SVAY RIENG, CB","  80.4","20","  61.8","20","1014.6","20","013.8","20","999.9"," 0","  4.0","20","  5.8","999.9","  90.3","*","  70.2","*"," 0.00","G","999.9","000000"
"48998099999","2025-01-11","11.0833333","105.8","6.0","SVAY RIENG, CB","  77.0","20","  60.4","20","1015.8","20","014.9","20","999.9"," 0","  3.2","20","  5.8","999.9","  87.3"," ","  69.3","*"," 0.00","I","999.9","000000"
"48998099999","2025-01-12","11.0833333","105.8","6.0","SVAY RIENG, CB","  75.6","22","  56.5","22","1014.7","22","013.9","22","999.9"," 0","  2.8","22","  5.8","999.9","  87.3"," ","  65.5","*"," 0.00","G","999.9","000000"
"48998099999","2025-01-13","11.0833333","105.8","6.0","SVAY RIENG, CB","  76.4","14","  58.5","14","1013.4","14","012.6","14","999.9"," 0","  3.2","14","  5.8","999.9","  86.0"," ","  64.9"," "," 0.00","G","999.9","000000"
"48998099999","2025-01-14","11.0833333","105.8","6.0","SVAY RIENG, CB","  79.1","12","  72.7","12","1013.1","12","012.3","12","999.9"," 0","  1.9","12","  3.9","999.9","  88.2","*","  72.7","*"," 0.00","I","999.9","000000"
"48998099999","2025-01-15","11.0833333","105.8","6.0","SVAY RIENG, CB","  82.1","21","  71.0","21","1013.0","21","012.2","21","999.9"," 0","  2.9","21","  5.8","999.9","  90.3"," ","  68.4"," "," 0.00","I","999.9","000000"
"48998099999","2025-01-16","11.0833333","105.8","6.0","SVAY RIENG, CB","  81.4","19","  64.9","19","1013.4","19","012.6","19","999.9"," 0","  3.4","19","  5.8","999.9","  91.2","*","  71.1","*"," 0.00","I","999.9","000000"
"48998099999","2025-01-17","11.0833333","105.8","6.0","SVAY RIENG, CB","  81.2","12","  62.0","12","1012.1","12","011.3","12","999.9"," 0","  3.2","12","  5.8","999.9","  89.4","*","  71.1","*"," 0.00","I","999.9","000000"
"48998099999","2025-01-18","11.0833333","105.8","6.0","SVAY RIENG, CB","  75.2","12","  64.0","12","1011.5","12","010.6","12","999.9"," 0","  2.3","12","  5.8","999.9","  89.4"," ","  68.9","*"," 0.00","G","999.9","000000"
"48998099999","2025-01-19","11.0833333","105.8","6.0","SVAY RIENG, CB","  79.3","21","  67.0","21","1010.7","21","009.9","21","999.9"," 0","  2.9","21","  5.8","999.9","  88.7"," ","  68.9"," "," 0.00","G","999.9","000000"
"48998099999","2025-01-20","11.0833333","105.8","6.0","SVAY RIENG, CB","  78.0","22","  67.1","22","1011.0","22","010.1","22","999.9"," 0","  2.8","22","  5.8","999.9","  88.7"," ","  70.2"," "," 0.00","G","999.9","000000"
"48998099999","2025-01-21","11.0833333","105.8","6.0","SVAY RIENG, CB","  78.4","19","  68.8","19","1011.3","19","010.5","19","999.9"," 0","  3.1","19","  5.8","999.9","  88.5","*","  70.2"," "," 0.00","I","999.9","000000"
"48998099999","2025-01-22","11.0833333","105.8","6.0","SVAY RIENG, CB","  79.5","20","  71.3","20","1011.8","20","010.9","20","999.9"," 0","  2.3","20","  5.8","999.9","  88.5"," ","  69.6"," "," 0.00","G","999.9","000000"
"48998099999","2025-01-23","11.0833333","105.8","6.0","SVAY RIENG, CB","  79.7","13","  73.0","13","1011.2","13","010.4","13","999.9"," 0","  1.7","13","  3.9","999.9","  88.5"," ","  70.9"," "," 0.00","G","999.9","000000"
"48998099999","2025-01-24","11.0833333","105.8","6.0","SVAY RIENG, CB","  81.4","19","  72.5","19","1010.3","19","009.5","19","999.9"," 0","  1.7","19","  3.9","999.9","  91.4","*","  72.5"," "," 0.00","I","999.9","000000"
"48998099999","2025-01-25","11.0833333","105.8","6.0","SVAY RIENG, CB","  77.1","10","  75.1","10","1010.5","10","009.7","10","999.9"," 0","  1.4","10","  1.9","999.9","  91.4"," ","  73.9"," "," 0.00","G","999.9","000000"
"48998099999","2025-01-26","11.0833333","105.8","6.0","SVAY RIENG, CB","  77.7","10","  72.0","10","1010.8","10","010.0","10","999.9"," 0","  2.5","10","  3.9","999.9","  86.9"," ","  73.0","*"," 0.00","I","999.9","000000"
"48998099999","2025-01-27","11.0833333","105.8","6.0","SVAY RIENG, CB","  78.4","15","  63.7","15","1011.9","15","011.0","15","999.9"," 0","  6.0","15","  9.7","999.9","  89.2"," ","  69.3","*"," 0.00","I","999.9","000000"
"48998099999","2025-01-28","11.0833333","105.8","6.0","SVAY RIENG, CB","  77.4","16","  64.1","16","1014.8","16","013.9","16","999.9"," 0","  5.0","16","  7.8","999.9","  88.2","*","  69.1","*"," 0.00","I","999.9","000000"
"48998099999","2025-01-29","11.0833333","105.8","6.0","SVAY RIENG, CB","  74.7","19","  64.6","19","1014.8","19","014.0","19","999.9"," 0","  4.4","19","  9.7","999.9","  88.2"," ","  67.6"," "," 0.00","I","999.9","000000"
"48998099999","2025-01-30","11.0833333","105.8","6.0","SVAY RIENG, CB","  73.0"," 8","  66.8"," 8","1011.0"," 8","010.2"," 8","999.9"," 0","  3.4"," 8","  7.8","999.9","  85.8"," ","  67.6","*"," 0.00","I","999.9","000000"
"48998099999","2025-01-31","11.0833333","105.8","6.0","SVAY RIENG, CB","  79.9","13","  63.5","13","1010.5","13","009.7","13","999.9"," 0","  2.7","13","  5.8","999.9","  90.0","*","  67.6"," "," 0.00","I","999.9","000000"
"48998099999","2025-02-01","11.0833333","105.8","6.0","SVAY RIENG, CB","  79.8","20","  69.9","20","1009.9","20","009.1","20","999.9"," 0","  3.1","20","  5.8","999.9","  91.2","*","  67.6"," "," 0.00","G","999.9","000000"
"48998099999","2025-02-02","11.0833333","105.8","6.0","SVAY RIENG, CB","  80.0","19","  73.1","19","1010.5","19","009.7","19","999.9"," 0","  2.8","19","  3.9","999.9","  91.2"," ","  70.2"," "," 0.00","I","999.9","000000"
"48998099999","2025-02-03","11.0833333","105.8","6.0","SVAY RIENG, CB","  82.3","12","  73.5","12","1010.7","12","009.9","12","999.9"," 0","  3.1","12","  5.8","999.9","  88.2"," ","  73.2"," "," 0.00","I","999.9","000000"
"48998099999","2025-02-05","11.0833333","105.8","6.0","SVAY RIENG, CB","  79.2","13","  67.6","13","1011.2","13","010.4","13","999.9"," 0","  3.3","13","  7.8","999.9","  91.6","*","  71.4","*"," 0.00","I","999.9","000000"
"48998099999","2025-02-06","11.0833333","105.8","6.0","SVAY RIENG, CB","  79.8","17","  69.8","17","1010.7","17","009.9","17","999.9"," 0","  3.1","17","  5.8","999.9","  91.0","*","  71.1","*"," 0.00","I","999.9","000000"
"48998099999","2025-02-07","11.0833333","105.8","6.0","SVAY RIENG, CB","  80.0"," 6","  71.7"," 6","1013.6"," 6","012.8"," 6","999.9"," 0","  3.6"," 6","  3.9","999.9","  86.0","*","  72.5","*"," 0.00","I","999.9","000000"
"48998099999","2025-02-08","11.0833333","105.8","6.0","SVAY RIENG, CB","  78.6"," 8","  61.5"," 8","1012.2"," 8","011.4"," 8","999.9"," 0","  5.1"," 8","  9.7","999.9","  92.1","*","  70.3","*"," 0.00","I","999.9","000000"
"48998099999","2025-02-09","11.0833333","105.8","6.0","SVAY RIENG, CB","  79.6","13","  61.1","13","1012.3","13","011.5","13","999.9"," 0","  4.8","13","  9.7","999.9","  90.9"," ","  69.6"," "," 0.00","I","999.9","000000"
"48998099999","2025-02-10","11.0833333","105.8","6.0","SVAY RIENG, CB","  81.2","14","  63.2","14","1012.2","14","011.4","14","999.9"," 0","  3.6","14","  7.8","999.9","  91.0"," ","  72.3"," "," 0.00","I","999.9","000000"
"48998099999","2025-02-11","11.0833333","105.8","6.0","SVAY RIENG, CB","  80.3"," 7","  67.2"," 7","1012.8"," 7","012.0"," 7","999.9"," 0","  5.3"," 7","  9.7","999.9","  91.0"," ","  72.3"," "," 0.00","G","999.9","000000"
"48998099999","2025-02-12","11.0833333","105.8","6.0","SVAY RIENG, CB","  80.6"," 6","  76.9"," 6","1011.7"," 6","010.9"," 6","999.9"," 0","  1.6"," 6","  1.9","999.9","  90.7","*","  77.9","*"," 0.00","I","999.9","000000"
"48998099999","2025-02-13","11.0833333","105.8","6.0","SVAY RIENG, CB","  81.8","11","  77.4","11","1011.9","11","011.1","11","999.9"," 0","  2.0","11","  7.8","999.9","  89.8","*","  77.2","*"," 0.00","I","999.9","000000"
"48998099999","2025-02-14","11.0833333","105.8","6.0","SVAY RIENG, CB","  82.7","16","  77.3","16","1010.9","16","010.1","16","999.9"," 0","  2.1","16","  5.8","999.9","  91.0"," ","  77.2"," "," 0.00","I","999.9","000000"
"48998099999","2025-02-15","11.0833333","105.8","6.0","SVAY RIENG, CB","  82.1"," 6","  76.8"," 6","1010.4"," 6","009.6"," 6","999.9"," 0","  1.9"," 6","  3.9","999.9","  91.0"," ","  76.3","*"," 0.00","G","999.9","000000"
"48998099999","2025-02-16","11.0833333","105.8","6.0","SVAY RIENG, CB","  80.9","10","  74.6","10","1011.8","10","011.0","10","999.9"," 0","  3.3","10","  7.8","999.9","  90.5","*","  75.6","*"," 0.00","I","999.9","000000"
"48998099999","2025-02-17","11.0833333","105.8","6.0","SVAY RIENG, CB","  80.0","10","  73.7","10","1012.2","10","011.5","10","999.9"," 0","  3.7","10","  5.8","999.9","  89.6","*","  74.8","*"," 0.00","I","999.9","000000"
"48998099999","2025-02-18","11.0833333","105.8","6.0","SVAY RIENG, CB","  83.9","16","  73.2","16","1012.6","16","011.8","16","999.9"," 0","  2.9","16","  3.9","999.9","  91.8"," ","  74.8"," "," 0.00","I","999.9","000000"
"48998099999","2025-02-19","11.0833333","105.8","6.0","SVAY RIENG, CB","  80.7"," 8","  72.2"," 8","1013.2"," 8","012.4"," 8","999.9"," 0","  2.4"," 8","  3.9","999.9","  93.6"," ","  74.7","*"," 0.00","I","999.9","000000"
"48998099999","2025-02-25","11.0833333","105.8","6.0","SVAY RIENG, CB","  82.2","11","  70.0","11","1016.0","11","015.2","11","999.9"," 0","  1.9","11","  5.8","999.9","  90.7","*","  77.5","*"," 0.00","I","999.9","000000"
"48998099999","2025-02-26","11.0833333","105.8","6.0","SVAY RIENG, CB","  84.3","16","  71.7","16","1014.8","16","014.0","16","999.9"," 0","  3.9","16","  9.7","999.9","  93.2"," ","  74.7"," "," 0.00","I","999.9","000000"
"48998099999","2025-02-27","11.0833333","105.8","6.0","SVAY RIENG, CB","  79.9"," 9","  72.4"," 9","1013.0"," 9","012.2"," 9","999.9"," 0","  2.8"," 9","  5.8","999.9","  92.1","*","  75.2","*"," 0.00","I","999.9","000000"
"48998099999","2025-02-28","11.0833333","105.8","6.0","SVAY RIENG, CB","  84.5","12","  73.2","12","1011.8","12","011.0","12","999.9"," 0","  3.7","12","  5.8","999.9","  93.0","*","  74.7","*"," 0.00","I","999.9","000000"
"48998099999","2025-03-01","11.0833333","105.8","6.0","SVAY RIENG, CB","  85.9"," 8","  72.3"," 8","1011.4"," 8","010.6"," 8","999.9"," 0","  3.4"," 8","  3.9","999.9","  91.4","*","  77.2","*"," 0.00","I","999.9","000000"
"48998099999","2025-03-02","11.0833333","105.8","6.0","SVAY RIENG, CB","  81.6","12","  71.7","12","1010.3","12","009.5","12","999.9"," 0","  2.6","12","  5.8","999.9","  91.0","*","  75.2","*"," 0.00","I","999.9","000000"
"48998099999","2025-03-03","11.0833333","105.8","6.0","SVAY RIENG, CB","  84.2","14","  73.3","14","1009.5","14","008.7","14","999.9"," 0","  3.6","14","  5.8","999.9","  94.3","*","  76.8","*"," 0.00","I","999.9","000000"
"48998099999","2025-03-04","11.0833333","105.8","6.0","SVAY RIENG, CB","  83.1","11","  75.0","11","1009.6","11","008.8","11","999.9"," 0","  2.3","11","  3.9","999.9","  94.3"," ","  74.8"," "," 0.00","G","999.9","000000"
"48998099999","2025-03-05","11.0833333","105.8","6.0","SVAY RIENG, CB","  83.5","13","  76.3","13","1009.0","13","008.2","13","999.9"," 0","  3.0","13","  7.8","999.9","  93.7","*","  77.7","*"," 0.00","I","999.9","000000"
"48998099999","2025-03-06","11.0833333","105.8","6.0","SVAY RIENG, CB","  84.0","16","  74.8","16","1010.4","16","009.6","16","999.9"," 0","  2.8","16","  5.8","999.9","  93.2","*","  77.9","*"," 0.00","I","999.9","000000"
"48998099999","2025-03-07","11.0833333","105.8","6.0","SVAY RIENG, CB","  87.6"," 7","  73.6"," 7","1009.8"," 7","009.0"," 7","999.9"," 0","  4.4"," 7","  5.8","999.9","  95.7","*","  81.0","*"," 0.00","I","999.9","000000"
"48998099999","2025-03-08","11.0833333","105.8","6.0","SVAY RIENG, CB","  83.8"," 9","  72.9"," 9","1011.0"," 9","010.2"," 9","999.9"," 0","  3.7"," 9","  7.8","999.9","  92.8","*","  77.0","*"," 0.00","I","999.9","000000"
"48998099999","2025-03-09","11.0833333","105.8","6.0","SVAY RIENG, CB","  84.7","15","  68.9","15","1012.5","15","011.7","15","999.9"," 0","  4.7","15","  9.7","999.9","  93.4","*","  78.8","*"," 0.00","I","999.9","000000"
"48998099999","2025-03-10","11.0833333","105.8","6.0","SVAY RIENG, CB","  84.8","11","  72.0","11","1012.5","11","011.7","11","999.9"," 0","  3.7","11","  5.8","999.9","  94.8","*","  77.2","*"," 0.00","I","999.9","000000"
"48998099999","2025-03-11","11.0833333","105.8","6.0","SVAY RIENG, CB","  84.3","15","  73.9","15","1011.3","15","010.5","15","999.9"," 0","  3.0","15","  7.8","999.9","  93.6","*","  78.1","*"," 0.00","I","999.9","000000"
"48998099999","2025-03-12","11.0833333","105.8","6.0","SVAY RIENG, CB","  84.1","12","  75.2","12","1010.9","12","010.1","12","999.9"," 0","  2.9","12","  5.8","999.9","  94.6"," ","  77.4","*"," 0.00","I","999.9","000000"
"48998099999","2025-03-13","11.0833333","105.8","6.0","SVAY RIENG, CB","  84.3","15","  72.6","15","1011.1","15","010.3","15","999.9"," 0","  3.6","15","  7.8","999.9","  94.8","*","  76.1","*"," 0.00","I","999.9","000000"
"48998099999","2025-03-14","11.0833333","105.8","6.0","SVAY RIENG, CB","  87.6","12","  73.2","12","1011.2","12","010.4","12","999.9"," 0","  3.7","12","  5.8","999.9","  95.0","*","  78.6","*"," 0.00","I","999.9","000000"
"48998099999","2025-03-15","11.0833333","105.8","6.0","SVAY RIENG, CB","  80.3"," 7","  77.6"," 7","1011.5"," 7","010.7"," 7","999.9"," 0","  1.9"," 7","  3.9","999.9","  84.6","*","  78.3","*"," 0.00","I","999.9","000000"
"48998099999","2025-03-16","11.0833333","105.8","6.0","SVAY RIENG, CB","  84.2","14","  74.4","14","1011.2","14","010.4","14","999.9"," 0","  2.9","14","  5.8","999.9","  94.3","*","  78.6","*"," 0.00","I","999.9","000000"
"48998099999","2025-03-17","11.0833333","105.8","6.0","SVAY RIENG, CB","  84.3","18","  74.2","18","1011.8","18","011.0","18","999.9"," 0","  2.5","18","  3.9","999.9","  94.5"," ","  77.7","*"," 0.00","I","999.9","000000"
"48998099999","2025-03-18","11.0833333","105.8","6.0","SVAY RIENG, CB","  84.8","15","  70.2","15","1013.0","15","012.2","15","999.9"," 0","  3.4","15","  7.8","999.9","  96.3","*","  76.1","*"," 0.00","I","999.9","000000"
"48998099999","2025-03-19","11.0833333","105.8","6.0","SVAY RIENG, CB","  84.0","13","  65.8","13","1015.0","13","014.1","13","999.9"," 0","  6.1","13"," 11.7","999.9","  93.7","*","  74.7","*"," 0.00","I","999.9","000000"
"48998099999","2025-03-20","11.0833333","105.8","6.0","SVAY RIENG, CB","  81.5","13","  64.9","13","1015.7","13","014.9","13","999.9"," 0","  4.9","13","  9.7","999.9","  90.0"," ","  73.9"," "," 0.00","I","999.9","000000"
"48998099999","2025-03-21","11.0833333","105.8","6.0","SVAY RIENG, CB","  82.7","11","  66.3","11","1015.4","11","014.6","11","999.9"," 0","  4.4","11","  7.8","999.9","  93.9","*","  73.8","*"," 0.00","G","999.9","000000"
"48998099999","2025-03-22","11.0833333","105.8","6.0","SVAY RIENG, CB","  83.0","17","  69.6","17","1013.7","17","012.9","17","999.9"," 0","  3.4","17","  7.8","999.9","  94.5","*","  75.6","*"," 0.00","I","999.9","000000"
"48998099999","2025-03-23","11.0833333","105.8","6.0","SVAY RIENG, CB","  86.6"," 9","  70.9"," 9","1013.5"," 9","012.7"," 9","999.9"," 0","  3.0"," 9","  3.9","999.9","  95.2","*","  74.5"," "," 0.00","G","999.9","000000"
"48998099999","2025-03-24","11.0833333","105.8","6.0","SVAY RIENG, CB","  82.8"," 8","  71.6"," 8","1011.3"," 8","010.5"," 8","999.9"," 0","  2.7"," 8","  3.9","999.9","  94.1","*","  77.5","*"," 0.00","I","999.9","000000"
"48998099999","2025-03-25","11.0833333","105.8","6.0","SVAY RIENG, CB","  81.4","13","  71.4","13","1008.7","13","007.9","13","999.9"," 0","  3.7","13","  5.8","999.9","  88.3","*","  74.1","*"," 0.00","I","999.9","000000"
"48998099999","2025-03-26","11.0833333","105.8","6.0","SVAY RIENG, CB","  80.4"," 9","  73.5"," 9","1008.4"," 9","007.6"," 9","999.9"," 0","  2.4"," 9","  3.9","999.9","  89.1"," ","  74.1"," "," 0.00","G","999.9","000000"
"48998099999","2025-03-27","11.0833333","105.8","6.0","SVAY RIENG, CB","  84.8","10","  72.3","10","1007.0","10","006.2","10","999.9"," 0","  2.9","10","  3.9","999.9","  93.6","*","  76.8","*"," 0.00","I","999.9","000000"
"48998099999","2025-04-01","11.0833333","105.8","6.0","SVAY RIENG, CB","  82.3","10","  76.3","10","1010.6","10","009.8","10","999.9"," 0","  2.5","10","  5.8","999.9","  91.9","*","  77.7","*"," 0.00","I","999.9","000000"
"48998099999","2025-04-02","11.0833333","105.8","6.0","SVAY RIENG, CB","  84.6","13","  75.0","13","1012.0","13","011.2","13","999.9"," 0","  3.3","13","  5.8","999.9","  94.6","*","  78.3","*"," 0.00","I","999.9","000000"
"48998099999","2025-04-03","11.0833333","105.8","6.0","SVAY RIENG, CB","  84.3","13","  71.7","13","1011.9","13","011.1","13","999.9"," 0","  2.7","13","  5.8","999.9","  97.2","*","  77.4","*"," 0.00","I","999.9","000000"
"48998099999","2025-04-04","11.0833333","105.8","6.0","SVAY RIENG, CB","  85.1","14","  73.6","14","1011.6","14","010.8","14","999.9"," 0","  2.9","14","  5.8","999.9","  94.6","*","  77.2","*"," 0.00","I","999.9","000000"
"48998099999","2025-04-05","11.0833333","105.8","6.0","SVAY RIENG, CB","  86.2","18","  74.7","18","1011.1","18","010.3","18","999.9"," 0","  2.6","18","  5.8","999.9","  94.6"," ","  77.2"," "," 0.00","I","999.9","000000"
"48998099999","2025-04-06","11.0833333","105.8","6.0","SVAY RIENG, CB","  85.3","18","  73.8","18","1011.6","18","010.8","18","999.9"," 0","  2.9","18","  5.8","999.9","  93.6","*","  78.4","*"," 0.00","I","999.9","000000"
"48998099999","2025-04-07","11.0833333","105.8","6.0","SVAY RIENG, CB","  85.7","16","  72.4","16","1012.1","16","011.3","16","999.9"," 0","  2.8","16","  5.8","999.9","  96.1","*","  78.3","*"," 0.00","I","999.9","000000"
"48998099999","2025-04-08","11.0833333","105.8","6.0","SVAY RIENG, CB","  84.5"," 5","  74.7"," 5","1014.9"," 5","014.1"," 5","999.9"," 0","  3.1"," 5","  3.9","999.9","  96.1"," ","  78.4"," "," 0.00","G","999.9","000000"
"48998099999","2025-04-09","11.0833333","105.8","6.0","SVAY RIENG, CB","  85.5"," 7","  75.1"," 7","1010.6"," 7","009.8"," 7","999.9"," 0","  2.8"," 7","  3.9","999.9","  94.1","*","  77.7"," "," 0.00","I","999.9","000000"
"48998099999","2025-04-10","11.0833333","105.8","6.0","SVAY RIENG, CB","  83.5","13","  76.6","13","1009.2","13","008.4","13","999.9"," 0","  2.1","13","  7.8","999.9","  94.5"," ","  79.5","*"," 0.00","I","999.9","000000"
"48998099999","2025-04-11","11.0833333","105.8","6.0","SVAY RIENG, CB","  85.3","16","  77.3","16","1009.5","16","008.7","16","999.9"," 0","  1.7","16","  3.9","999.9","  95.4"," ","  79.2","*"," 0.00","I","999.9","000000"
"48998099999","2025-04-12","11.0833333","105.8","6.0","SVAY RIENG, CB","  87.9","13","  76.3","13","1009.7","13","008.9","13","999.9"," 0","  2.7","13","  3.9","999.9","  96.1","*","  79.9","*"," 0.00","I","999.9","000000"
"48998099999","2025-04-13","11.0833333","105.8","6.0","SVAY RIENG, CB","  85.2","16","  78.3","16","1010.6","16","009.8","16","999.9"," 0","  2.5","16","  7.8","999.9","  95.0","*","  79.0","*"," 0.00","I","999.9","000000"
"48998099999","2025-04-14","11.0833333","105.8","6.0","SVAY RIENG, CB","  84.9","16","  76.1","16","1011.2","16","010.4","16","999.9"," 0","  2.7","16","  3.9","999.9","  97.3"," ","  78.4","*"," 0.00","I","999.9","000000"
"48998099999","2025-04-15","11.0833333","105.8","6.0","SVAY RIENG, CB","  83.0","15","  78.3","15","1010.7","15","009.9","15","999.9"," 0","  1.8","15","  3.9","999.9","  92.1","*","  79.7","*"," 0.00","I","999.9","000000"
"48998099999","2025-04-16","11.0833333","105.8","6.0","SVAY RIENG, CB","  84.7","11","  78.3","11","1010.9","11","010.1","11","999.9"," 0","  2.3","11","  5.8","999.9","  93.7","*","  80.2","*"," 0.00","I","999.9","000000"
"48998099999","2025-04-17","11.0833333","105.8","6.0","SVAY RIENG, CB","  85.7","16","  76.7","16","1009.7","16","008.9","16","999.9"," 0","  2.4","16","  5.8","999.9","  94.8","*","  76.5","*"," 0.00","I","999.9","000000"
"48998099999","2025-04-18","11.0833333","105.8","6.0","SVAY RIENG, CB","  85.5","12","  80.1","12","1009.4","12","008.6","12","999.9"," 0","  2.1","12","  5.8","999.9","  93.7","*","  81.1","*"," 0.00","I","999.9","000000"
"48998099999","2025-04-19","11.0833333","105.8","6.0","SVAY RIENG, CB","  87.0","14","  78.4","14","1009.1","14","008.3","14","999.9"," 0","  2.5","14","  5.8","999.9","  95.4","*","  80.1","*"," 0.00","I","999.9","000000"
"48998099999","2025-04-20","11.0833333","105.8","6.0","SVAY RIENG, CB","  85.8","11","  75.4","11","1010.8","11","010.0","11","999.9"," 0","  2.8","11","  5.8","999.9","  94.8","*","  79.7","*"," 0.00","I","999.9","000000"
"48998099999","2025-04-21","11.0833333","105.8","6.0","SVAY RIENG, CB","  84.2","14","  78.5","14","1011.7","14","010.9","14","999.9"," 0","  2.2","14","  5.8","999.9","  94.8"," ","  79.7"," "," 0.00","I","999.9","000000"
"48998099999","2025-04-22","11.0833333","105.8","6.0","SVAY RIENG, CB","  84.7","16","  77.8","16","1011.1","16","010.3","16","999.9"," 0","  3.0","16","  9.7","999.9","  94.3","*","  78.8","*"," 0.00","I","999.9","000000"
"48998099999","2025-04-23","11.0833333","105.8","6.0","SVAY RIENG, CB","  86.1","14","  77.3","14","1011.1","14","010.3","14","999.9"," 0","  3.5","14"," 11.7","999.9","  94.3"," ","  78.8"," "," 0.00","I","999.9","000000"
"48998099999","2025-04-24","11.0833333","105.8","6.0","SVAY RIENG, CB","  85.2","12","  78.6","12","1010.7","12","009.9","12","999.9"," 0","  2.6","12","  5.8","999.9","  94.5"," ","  79.0","*"," 0.00","I","999.9","000000"
"48998099999","2025-04-25","11.0833333","105.8","6.0","SVAY RIENG, CB","  86.0","13","  78.7","13","1010.5","13","009.7","13","999.9"," 0","  1.6","13","  3.9","999.9","  94.8"," ","  79.0"," "," 0.00","I","999.9","000000"
"48998099999","2025-04-26","11.0833333","105.8","6.0","SVAY RIENG, CB","  82.5","12","  76.6","12","1011.0","12","010.2","12","999.9"," 0","  2.6","12","  5.8","999.9","  90.5","*","  77.2","*"," 0.00","I","999.9","000000"
"48998099999","2025-04-27","11.0833333","105.8","6.0","SVAY RIENG, CB","  86.8","16","  76.3","16","1010.5","16","009.7","16","999.9"," 0","  2.7","16","  3.9","999.9","  94.5"," ","  77.2"," "," 0.00","I","999.9","000000"
"48998099999","2025-04-28","11.0833333","105.8","6.0","SVAY RIENG, CB","  86.1","11","  77.1","11","1009.9","11","009.1","11","999.9"," 0","  2.3","11","  3.9","999.9","  95.0","*","  77.2"," "," 0.00","I","999.9","000000"
"48998099999","2025-04-29","11.0833333","105.8","6.0","SVAY RIENG, CB","  86.4","19","  76.0","19","1009.7","19","008.9","19","999.9"," 0","  2.7","19","  5.8","999.9","  95.0"," ","  79.5"," "," 0.00","I","999.9","000000"
"48998099999","2025-04-30","11.0833333","105.8","6.0","SVAY RIENG, CB","  86.2","14","  76.2","14","1009.8","14","009.0","14","999.9"," 0","  2.8","14","  5.8","999.9","  95.4","*","  80.1","*"," 0.00","I","999.9","000000"
"48998099999","2025-05-01","11.0833333","105.8","6.0","SVAY RIENG, CB","  86.5","19","  77.3","19","1010.2","19","009.4","19","999.9"," 0","  3.2","19","  7.8","999.9","  95.7"," ","  79.9"," "," 0.00","G","999.9","000000"
"48998099999","2025-05-02","11.0833333","105.8","6.0","SVAY RIENG, CB","  86.0","13","  77.1","13","1009.7","13","008.9","13","999.9"," 0","  2.2","13","  5.8","999.9","  95.4","*","  80.1"," "," 0.00","G","999.9","000000"
"48998099999","2025-05-03","11.0833333","105.8","6.0","SVAY RIENG, CB","  86.3"," 9","  76.7"," 9","1010.1"," 9","009.3"," 9","999.9"," 0","  3.2"," 9","  5.8","999.9","  91.9","*","  77.4","*"," 0.00","I","999.9","000000"
"48998099999","2025-05-04","11.0833333","105.8","6.0","SVAY RIENG, CB","  82.6","15","  78.0","15","1008.9","15","008.1","15","999.9"," 0","  1.4","15","  5.8","999.9","  94.6"," ","  77.4"," "," 0.00","I","999.9","000000"
"48998099999","2025-05-05","11.0833333","105.8","6.0","SVAY RIENG, CB","  85.9","12","  78.5","12","1008.8","12","008.0","12","999.9"," 0","  1.8","12","  3.9","999.9","  94.8","*","  79.2"," "," 0.00","I","999.9","000000"
"48998099999","2025-05-06","11.0833333","105.8","6.0","SVAY RIENG, CB","  86.1","15","  79.3","15","1008.6","15","007.8","15","999.9"," 0","  2.7","15","  5.8","999.9","  94.8"," ","  79.2"," "," 0.00","G","999.9","000000"
"48998099999","2025-05-07","11.0833333","105.8","6.0","SVAY RIENG, CB","  87.8","12","  78.8","12","1007.6","12","006.8","12","999.9"," 0","  3.2","12","  5.8","999.9","  94.8","*","  81.0","*"," 0.00","I","999.9","000000"
"48998099999","2025-05-08","11.0833333","105.8","6.0","SVAY RIENG, CB","  87.1","18","  80.1","18","1007.8","18","007.0","18","999.9"," 0","  2.7","18","  5.8","999.9","  95.4","*","  81.0","*"," 0.00","I","999.9","000000"
"48998099999","2025-05-09","11.0833333","105.8","6.0","SVAY RIENG, CB","  87.8"," 9","  81.2"," 9","1007.9"," 9","007.1"," 9","999.9"," 0","  1.9"," 9","  3.9","999.9","  95.9","*","  82.9","*"," 0.00","I","999.9","000000"
"48998099999","2025-05-10","11.0833333","105.8","6.0","SVAY RIENG, CB","  77.3"," 8","  77.0"," 8","1008.4"," 8","007.6"," 8","999.9"," 0","  1.7"," 8","  3.9","999.9","  80.2"," ","  76.8","*"," 0.00","I","999.9","000000"
"48998099999","2025-05-11","11.0833333","105.8","6.0","SVAY RIENG, CB","  85.1","13","  78.2","13","1007.0","13","006.2","13","999.9"," 0","  1.5","13","  3.9","999.9","  93.0","*","  79.2","*"," 0.00","I","999.9","000000"
"48998099999","2025-05-12","11.0833333","105.8","6.0","SVAY RIENG, CB","  85.7","16","  79.3","16","1008.0","16","007.2","16","999.9"," 0","  1.3","16","  3.9","999.9","  93.9","*","  81.3","*"," 0.00","I","999.9","000000"
"48998099999","2025-05-13","11.0833333","105.8","6.0","SVAY RIENG, CB","  85.8","14","  78.6","14","1009.8","14","009.0","14","999.9"," 0","  1.8","14","  5.8","999.9","  94.6","*","  80.1","*"," 0.00","I","999.9","000000"
"48998099999","2025-05-14","11.0833333","105.8","6.0","SVAY RIENG, CB","  83.8","12","  78.9","12","1010.7","12","009.9","12","999.9"," 0","  1.5","12","  3.9","999.9","  94.1","*","  79.2","*"," 0.00","I","999.9","000000"
"48998099999","2025-05-15","11.0833333","105.8","6.0","SVAY RIENG, CB","  84.4","16","  77.6","16","1010.6","16","009.8","16","999.9"," 0","  2.1","16","  3.9","999.9","  95.5","*","  79.7","*"," 0.00","I","999.9","000000"
"48998099999","2025-05-16","11.0833333","105.8","6.0","SVAY RIENG, CB","  85.5","20","  78.6","20","1009.9","20","009.1","20","999.9"," 0","  3.0","20","  7.8","999.9","  96.1"," ","  79.7"," "," 0.00","I","999.9","000000"
"48998099999","2025-05-17","11.0833333","105.8","6.0","SVAY RIENG, CB","  86.2","17","  78.9","17","1009.9","17","009.1","17","999.9"," 0","  2.4","17","  5.8","999.9","  96.1"," ","  79.9"," "," 0.00","I","999.9","000000"
"48998099999","2025-05-18","11.0833333","105.8","6.0","SVAY RIENG, CB","  86.8","16","  78.6","16","1009.4","16","008.6","16","999.9"," 0","  2.2","16","  5.8","999.9","  95.7","*","  80.8"," "," 0.08","G","999.9","000000"
"48998099999","2025-05-19","11.0833333","105.8","6.0","SVAY RIENG, CB","  85.7","12","  78.8","12","1009.3","12","008.5","12","999.9"," 0","  2.3","12","  5.8","999.9","  91.4","*","  79.0","*"," 0.00","G","999.9","000000"
"48998099999","2025-05-20","11.0833333","105.8","6.0","SVAY RIENG, CB","  82.5","14","  79.2","14","1009.1","14","008.3","14","999.9"," 0","  1.8","14","  5.8","999.9","  92.8","*","  78.3","*"," 0.00","I","999.9","000000"
"48998099999","2025-05-21","11.0833333","105.8","6.0","SVAY RIENG, CB","  85.6","16","  77.6","16","1008.2","16","007.4","16","999.9"," 0","  2.5","16","  5.8","999.9","  95.2","*","  78.3","*"," 0.00","I","999.9","000000"
"48998099999","2025-05-22","11.0833333","105.8","6.0","SVAY RIENG, CB","  83.2","17","  78.8","17","1007.1","17","006.3","17","999.9"," 0","  2.4","17","  9.7","999.9","  95.2"," ","  77.7"," "," 0.26","G","999.9","000000"
"48998099999","2025-05-23","11.0833333","105.8","6.0","SVAY RIENG, CB","  83.6","18","  79.9","18","1006.5","18","005.7","18","999.9"," 0","  1.5","18","  7.8","999.9","  91.0","*","  80.2","*"," 0.00","G","999.9","000000"
"48998099999","2025-05-24","11.0833333","105.8","6.0","SVAY RIENG, CB","  80.2","17","  78.7","17","1007.9","17","007.1","17","999.9"," 0","  1.7","17","  5.8","999.9","  87.3","*","  78.3","*"," 0.00","I","999.9","000000"
"48998099999","2025-05-25","11.0833333","105.8","6.0","SVAY RIENG, CB","  82.9","15","  78.2","15","1009.6","15","008.8","15","999.9"," 0","  2.6","15","  5.8","999.9","  93.0","*","  78.3"," "," 0.02","G","999.9","000000"
"48998099999","2025-05-26","11.0833333","105.8","6.0","SVAY RIENG, CB","  85.7","16","  79.3","16","1009.4","16","008.6","16","999.9"," 0","  1.6","16","  3.9","999.9","  91.8"," ","  78.3"," "," 0.00","G","999.9","000000"
"48998099999","2025-05-27","11.0833333","105.8","6.0","SVAY RIENG, CB","  81.6","14","  78.7","14","1009.3","14","008.5","14","999.9"," 0","  1.4","14","  5.8","999.9","  93.7","*","  75.9","*"," 0.00","G","999.9","000000"
"48998099999","2025-05-28","11.0833333","105.8","6.0","SVAY RIENG, CB","  84.8","15","  78.4","15","1008.3","15","007.5","15","999.9"," 0","  1.4","15","  3.9","999.9","  91.0"," ","  75.9"," "," 0.00","I","999.9","000000"
"48998099999","2025-05-29","11.0833333","105.8","6.0","SVAY RIENG, CB","  79.1","14","  78.1","14","1010.6","14","009.8","14","999.9"," 0","  2.1","14","  5.8","999.9","  91.0"," ","  76.5","*"," 0.00","I","999.9","000000"
"48998099999","2025-05-30","11.0833333","105.8","6.0","SVAY RIENG, CB","  82.2","13","  78.9","13","1011.4","13","010.6","13","999.9"," 0","  2.5","13","  7.8","999.9","  88.7"," ","  76.3"," "," 0.00","I","999.9","000000"
"48998099999","2025-05-31","11.0833333","105.8","6.0","SVAY RIENG, CB","  84.1","12","  78.0","12","1011.4","12","010.6","12","999.9"," 0","  3.1","12","  7.8","999.9","  90.7","*","  79.3","*"," 0.00","I","999.9","000000"
"48998099999","2025-06-01","11.0833333","105.8","6.0","SVAY RIENG, CB","  84.0","16","  79.3","16","1010.2","16","009.4","16","999.9"," 0","  3.2","16","  9.7","999.9","  93.9","*","  75.6","*"," 0.00","I","999.9","000000"
"48998099999","2025-06-02","11.0833333","105.8","6.0","SVAY RIENG, CB","  84.1","12","  80.3","12","1009.8","12","009.0","12","999.9"," 0","  2.6","12","  7.8","999.9","  90.7","*","  79.5","*"," 0.00","I","999.9","000000"
"48998099999","2025-06-03","11.0833333","105.8","6.0","SVAY RIENG, CB","  80.8","12","  79.3","12","1009.3","12","008.5","12","999.9"," 0","  1.3","12","  5.8","999.9","  84.0","*","  79.3","*"," 0.00","I","999.9","000000"
"48998099999","2025-06-04","11.0833333","105.8","6.0","SVAY RIENG, CB","  82.7","16","  77.9","16","1009.5","16","008.7","16","999.9"," 0","  2.3","16","  5.8","999.9","  92.8","*","  78.4","*"," 0.00","I","999.9","000000"
"48998099999","2025-06-05","11.0833333","105.8","6.0","SVAY RIENG, CB","  83.9","15","  80.2","15","1009.3","15","008.5","15","999.9"," 0","  2.1","15","  5.8","999.9","  91.0","*","  79.3","*"," 0.00","I","999.9","000000"
"48998099999","2025-06-06","11.0833333","105.8","6.0","SVAY RIENG, CB","  87.5","13","  78.0","13","1008.7","13","007.9","13","999.9"," 0","  2.8","13","  7.8","999.9","  94.8","*","  81.3","*"," 0.00","I","999.9","000000"
"48998099999","2025-06-07","11.0833333","105.8","6.0","SVAY RIENG, CB","  84.2","14","  79.9","14","1008.5","14","007.7","14","999.9"," 0","  1.8","14","  5.8","999.9","  91.8","*","  79.3","*"," 0.00","I","999.9","000000"
"48998099999","2025-06-08","11.0833333","105.8","6.0","SVAY RIENG, CB","  82.8","13","  80.5","13","1008.0","13","007.2","13","999.9"," 0","  3.3","13","  7.8","999.9","  87.8"," ","  77.0"," "," 0.00","I","999.9","000000"
"48998099999","2025-06-09","11.0833333","105.8","6.0","SVAY RIENG, CB","  84.7","15","  79.2","15","1006.5","15","005.7","15","999.9"," 0","  3.1","15","  7.8","999.9","  90.7","*","  79.3","*"," 0.00","I","999.9","000000"
"48998099999","2025-06-10","11.0833333","105.8","6.0","SVAY RIENG, CB","  81.6"," 7","  77.8"," 7","1006.1"," 7","005.3"," 7","999.9"," 0","  3.3"," 7","  9.7","999.9","  91.6","*","  77.5","*"," 0.00","G","999.9","000000"
"48998099999","2025-06-11","11.0833333","105.8","6.0","SVAY RIENG, CB","  80.2"," 5","  77.6"," 5","1006.8"," 5","006.0"," 5","999.9"," 0","  2.3"," 5","  7.8","999.9","  91.6"," ","  77.0"," "," 1.00","G","999.9","000000"
"48998099999","2025-06-12","11.0833333","105.8","6.0","SVAY RIENG, CB","  79.8"," 9","  76.9"," 9","1007.8"," 9","007.0"," 9","999.9"," 0","  1.1"," 9","  5.8","999.9","  87.8"," ","  77.2","*"," 0.00","G","999.9","000000"
"48998099999","2025-06-13","11.0833333","105.8","6.0","SVAY RIENG, CB","  81.8"," 6","  80.0"," 6","1009.5"," 6","008.7"," 6","999.9"," 0","  1.6"," 6","  3.9","999.9","  87.8"," ","  77.2"," "," 0.00","I","999.9","000000"
"48998099999","2025-06-14","11.0833333","105.8","6.0","SVAY RIENG, CB","  82.2","14","  79.2","14","1010.1","14","009.3","14","999.9"," 0","  2.1","14","  9.7","999.9","  90.9"," ","  77.5"," "," 0.45","G","999.9","000000"
"48998099999","2025-06-15","11.0833333","105.8","6.0","SVAY RIENG, CB","  85.4","14","  78.1","14","1009.5","14","008.7","14","999.9"," 0","  3.3","14","  7.8","999.9","  93.6"," ","  78.6"," "," 0.06","G","999.9","000000"
"48998099999","2025-06-16","11.0833333","105.8","6.0","SVAY RIENG, CB","  87.7"," 7","  77.4"," 7","1009.7"," 7","008.9"," 7","999.9"," 0","  2.5"," 7","  5.8","999.9","  93.6"," ","  78.4"," "," 0.35","G","999.9","000000"
"48998099999","2025-06-17","11.0833333","105.8","6.0","SVAY RIENG, CB","  82.7"," 9","  79.2"," 9","1009.5"," 9","008.7"," 9","999.9"," 0","  0.9"," 9","  3.9","999.9","  93.7"," ","  78.8"," "," 0.00","G","999.9","000000"
"48998099999","2025-06-18","11.0833333","105.8","6.0","SVAY RIENG, CB","  82.6","11","  79.0","11","1009.6","11","008.8","11","999.9"," 0","  1.8","11","  3.9","999.9","  93.2"," ","  79.5"," "," 0.00","I","999.9","000000"
"48998099999","2025-06-19","11.0833333","105.8","6.0","SVAY RIENG, CB","  86.0","19","  78.7","19","1008.9","19","008.1","19","999.9"," 0","  1.9","19","  7.8","999.9","  93.2"," ","  79.5"," "," 0.00","I","999.9","000000"
"48998099999","2025-06-20","11.0833333","105.8","6.0","SVAY RIENG, CB","  84.2","14","  77.5","14","1008.5","14","007.7","14","999.9"," 0","  1.5","14","  3.9","999.9","  93.0","*","  77.0","*"," 0.00","I","999.9","000000"
"48998099999","2025-06-21","11.0833333","105.8","6.0","SVAY RIENG, CB","  82.4","11","  77.9","11","1008.4","11","007.6","11","999.9"," 0","  1.8","11","  7.8","999.9","  93.0"," ","  77.0"," "," 0.83","G","999.9","000000"
"48998099999","2025-06-22","11.0833333","105.8","6.0","SVAY RIENG, CB","  80.5","16","  77.3","16","1009.4","16","008.6","16","999.9"," 0","  2.3","16","  5.8","999.9","  91.4"," ","  77.4"," "," 0.00","G","999.9","000000"
"48998099999","2025-06-23","11.0833333","105.8","6.0","SVAY RIENG, CB","  83.1","17","  76.7","17","1008.7","17","007.9","17","999.9"," 0","  2.4","17","  7.8","999.9","  90.9","*","  77.4","*"," 0.00","I","999.9","000000"
"48998099999","2025-06-24","11.0833333","105.8","6.0","SVAY RIENG, CB","  81.9","11","  77.4","11","1008.3","11","007.5","11","999.9"," 0","  2.3","11","  7.8","999.9","  90.9"," ","  77.4"," "," 0.00","G","999.9","000000"
"48998099999","2025-06-25","11.0833333","105.8","6.0","SVAY RIENG, CB","  80.5","12","  77.3","12","1009.0","12","008.2","12","999.9"," 0","  1.8","12","  9.7","999.9","  92.1","*","  75.2","*"," 0.45","G","999.9","000000"
"48998099999","2025-06-26","11.0833333","105.8","6.0","SVAY RIENG, CB","  81.9","12","  78.9","12","1009.7","12","008.9","12","999.9"," 0","  3.2","12","  7.8","999.9","  92.8"," ","  75.2"," "," 0.81","G","999.9","000000"
"48998099999","2025-06-27","11.0833333","105.8","6.0","SVAY RIENG, CB","  80.7"," 9","  78.4"," 9","1009.6"," 9","008.8"," 9","999.9"," 0","  2.2"," 9","  5.8","999.9","  88.9"," ","  77.7","*"," 0.00","G","999.9","000000"
"48998099999","2025-06-28","11.0833333","105.8","6.0","SVAY RIENG, CB","  80.4","12","  76.5","12","1008.6","12","007.8","12","999.9"," 0","  2.1","12","  7.8","999.9","  91.2"," ","  76.3"," "," 0.00","I","999.9","000000"
"48998099999","2025-06-29","11.0833333","105.8","6.0","SVAY RIENG, CB","  81.2","12","  76.3","12","1007.5","12","006.7","12","999.9"," 0","  2.4","12","  7.8","999.9","  91.2"," ","  76.3"," "," 0.00","I","999.9","000000"
"48998099999","2025-06-30","11.0833333","105.8","6.0","SVAY RIENG, CB","  82.3"," 9","  77.7"," 9","1007.0"," 9","006.2"," 9","999.9"," 0","  1.3"," 9","  7.8","999.9","  92.5","*","  78.4","*"," 0.00","I","999.9","000000"
"48998099999","2025-07-01","11.0833333","105.8","6.0","SVAY RIENG, CB","  83.9","14","  77.0","14","1008.0","14","007.1","14","999.9"," 0","  2.9","14","  7.8","999.9","  92.5"," ","  76.8"," "," 0.00","G","999.9","000000"
"48998099999","2025-07-02","11.0833333","105.8","6.0","SVAY RIENG, CB","  83.0","12","  76.6","12","1008.9","12","008.1","12","999.9"," 0","  2.6","12","  5.8","999.9","  91.6"," ","  78.1","*"," 0.00","G","999.9","000000"
"48998099999","2025-07-03","11.0833333","105.8","6.0","SVAY RIENG, CB","  80.4"," 8","  77.4"," 8","1009.2"," 8","008.4"," 8","999.9"," 0","  1.2"," 8","  5.8","999.9","  88.2","*","  77.7","*"," 0.00","I","999.9","000000"
"48998099999","2025-07-04","11.0833333","105.8","6.0","SVAY RIENG, CB","  81.1","11","  77.8","11","1007.9","11","007.1","11","999.9"," 0","  3.2","11","  7.8","999.9","  91.6","*","  77.4","*"," 0.00","I","999.9","000000"
"48998099999","2025-07-05","11.0833333","105.8","6.0","SVAY RIENG, CB","  82.2","12","  78.2","12","1007.5","12","006.7","12","999.9"," 0","  3.4","12","  9.7","999.9","  93.4","*","  77.5","*"," 0.00","I","999.9","000000"
"48998099999","2025-07-06","11.0833333","105.8","6.0","SVAY RIENG, CB","  81.8"," 9","  78.9"," 9","1008.4"," 9","007.6"," 9","999.9"," 0","  1.5"," 9","  7.8","999.9","  93.4"," ","  77.4"," "," 0.57","G","999.9","000000"
"48998099999","2025-07-07","11.0833333","105.8","6.0","SVAY RIENG, CB","  81.9","11","  77.2","11","1009.2","11","008.4","11","999.9"," 0","  1.9","11","  9.7","999.9","  91.4"," ","  77.4","*"," 0.00","G","999.9","000000"
"48998099999","2025-07-08","11.0833333","105.8","6.0","SVAY RIENG, CB","  79.7"," 9","  77.5"," 9","1009.6"," 9","008.8"," 9","999.9"," 0","  1.7"," 9","  5.8","999.9","  89.4"," ","  77.0","*"," 0.00","I","999.9","000000"
"48998099999","2025-07-09","11.0833333","105.8","6.0","SVAY RIENG, CB","  83.2","10","  76.9","10","1008.2","10","007.5","10","999.9"," 0","  2.1","10","  7.8","999.9","  91.9","*","  79.2","*"," 0.00","I","999.9","000000"
"48998099999","2025-07-10","11.0833333","105.8","6.0","SVAY RIENG, CB","  82.7"," 7","  78.1"," 7","1004.5"," 7","003.7"," 7","999.9"," 0","  1.7"," 7","  5.8","999.9","  92.1","*","  79.5","*"," 0.00","I","999.9","000000"
"48998099999","2025-07-11","11.0833333","105.8","6.0","SVAY RIENG, CB","  82.5"," 8","  78.8"," 8","1006.1"," 8","005.3"," 8","999.9"," 0","  0.5"," 8","  3.9","999.9","  92.5","*","  79.3","*"," 0.00","I","999.9","000000"
"48998099999","2025-07-12","11.0833333","105.8","6.0","SVAY RIENG, CB","  82.6"," 9","  79.0"," 9","1007.5"," 9","006.7"," 9","999.9"," 0","  1.3"," 9","  3.9","999.9","  95.0","*","  79.5"," "," 0.00","G","999.9","000000"
"48998099999","2025-07-13","11.0833333","105.8","6.0","SVAY RIENG, CB","  83.0","14","  78.3","14","1008.5","14","007.7","14","999.9"," 0","  2.2","14","  7.8","999.9","  94.6","*","  78.8","*"," 0.00","I","999.9","000000"
"48998099999","2025-07-14","11.0833333","105.8","6.0","SVAY RIENG, CB","  84.8","11","  78.9","11","1007.7","11","006.9","11","999.9"," 0","  1.6","11","  3.9","999.9","  93.4","*","  78.4","*"," 0.00","I","999.9","000000"
"48998099999","2025-07-15","11.0833333","105.8","6.0","SVAY RIENG, CB","  84.2"," 6","  78.0"," 6","1007.4"," 6","006.6"," 6","999.9"," 0","  1.3"," 6","  1.9","999.9","  94.5","*","  78.6","*"," 0.00","I","999.9","000000"
"48998099999","2025-07-16","11.0833333","105.8","6.0","SVAY RIENG, CB","  78.1"," 6","  77.7"," 6","1008.9"," 6","008.1"," 6","999.9"," 0","  0.0"," 6","999.9","999.9","  81.1","*","  77.4","*"," 0.00","I","999.9","000000"
"48998099999","2025-07-17","11.0833333","105.8","6.0","SVAY RIENG, CB","  85.3"," 7","  79.2"," 7","1009.0"," 7","008.2"," 7","999.9"," 0","  1.4"," 7","  1.9","999.9","  91.0","*","  81.3","*"," 0.00","I","999.9","000000"
