"STATION","DATE","LATITUDE","LONGITUDE","ELEVATION","NAME","TEMP","TEMP_ATTRIBUTES","DEWP","DEWP_ATTRIBUTES","SLP","SLP_ATTRIBUTES","STP","STP_ATTRIBUTES","VISIB","VISIB_ATTRIBUTES","WDSP","WDSP_ATTRIBUTES","MXSPD","GUST","MAX","MAX_ATTRIBUTES","MIN","MIN_ATTRIBUTES","PRCP","PRCP_ATTRIBUTES","SNDP","FRSHTT"
"72458593997","2025-01-01","38.87251","-98.80928","568.1","RUSSELL MUNICIPAL AIRPORT, KS US","  25.6","24","  17.7","24","1027.7","24","958.2","23"," 10.0","24","  6.5","24"," 13.0"," 18.1","  44.1"," ","  12.0"," "," 0.00","G","999.9","000000"
"72458593997","2025-01-02","38.87251","-98.80928","568.1","RUSSELL MUNICIPAL AIRPORT, KS US","  31.5","24","  23.2","24","1023.2","24","954.5","23"," 10.0","24"," 10.0","24"," 15.0"," 22.0","  45.0"," ","  21.0"," "," 0.00","G","999.9","000000"
"72458593997","2025-01-03","38.87251","-98.80928","568.1","RUSSELL MUNICIPAL AIRPORT, KS US","  29.2","24","  24.1","24","1031.0","20","961.6","24"," 10.0","24","  6.1","24"," 11.1","999.9","  37.0"," ","  26.1"," "," 0.00","G","999.9","000000"
"72458593997","2025-01-04","38.87251","-98.80928","568.1","RUSSELL MUNICIPAL AIRPORT, KS US","  24.3","24","  21.5","24","1026.8","12","955.2","23","  5.7","24"," 13.0","24"," 19.0"," 26.0","  27.0","*","  21.2","*"," 0.00","G","999.9","000000"
"72458593997","2025-01-05","38.87251","-98.80928","568.1","RUSSELL MUNICIPAL AIRPORT, KS US","  14.9","24","  12.0","24","1023.0","12","952.7","24","  1.4","24"," 17.7","24"," 25.1"," 41.0","  23.0"," ","  10.9"," "," 0.20","G","999.9","101010"
"72458593997","2025-01-06","38.87251","-98.80928","568.1","RUSSELL MUNICIPAL AIRPORT, KS US","   3.9","24","  -3.9","24","1033.0","24","961.5","23","  7.4","24","  8.1","24"," 15.9"," 27.0","  12.9"," ","  -9.0"," "," 0.00","H","999.9","001000"
"72458593997","2025-01-07","38.87251","-98.80928","568.1","RUSSELL MUNICIPAL AIRPORT, KS US","   6.0","24","   1.5","24","1036.9","24","965.0","23"," 10.0","24","  5.4","24","  9.9","999.9","  21.9"," ","  -6.0"," "," 0.00","G","999.9","000000"
"72458593997","2025-01-08","38.87251","-98.80928","568.1","RUSSELL MUNICIPAL AIRPORT, KS US","   7.8","24","   4.6","24","1035.5","21","964.0","24","  8.3","24","  6.6","24"," 12.0","999.9","  21.0"," ","  -5.1"," "," 0.00","G","999.9","100000"
"72458593997","2025-01-09","38.87251","-98.80928","568.1","RUSSELL MUNICIPAL AIRPORT, KS US","  19.0","24","  16.1","24","1020.8","22","950.9","23","  8.1","24","  9.7","24"," 21.0"," 28.0","  34.0"," ","   8.1"," "," 0.00","G","999.9","001000"
"72458593997","2025-01-10","38.87251","-98.80928","568.1","RUSSELL MUNICIPAL AIRPORT, KS US","  26.6","24","  21.9","24","1021.5","22","952.5","24","  8.7","24"," 12.2","24"," 20.0"," 31.1","  34.0"," ","  18.0"," "," 0.00","G","999.9","001000"
"72458593997","2025-01-11","38.87251","-98.80928","568.1","RUSSELL MUNICIPAL AIRPORT, KS US","  25.1","24","  20.1","24","1009.0","23","940.5","23"," 10.0","24","  8.9","24"," 14.0","999.9","  39.9"," ","  15.1"," "," 0.00","G","999.9","000000"
"72458593997","2025-01-12","38.87251","-98.80928","568.1","RUSSELL MUNICIPAL AIRPORT, KS US","  31.9","24","  24.6","24","1015.5","24","947.5","23"," 10.0","24","  9.6","24"," 19.0"," 26.0","  39.0"," ","  26.1"," "," 0.00","G","999.9","000000"
"72458593997","2025-01-13","38.87251","-98.80928","568.1","RUSSELL MUNICIPAL AIRPORT, KS US","  17.5","24","  10.7","24","1026.9","24","957.0","23"," 10.0","24","  4.8","24"," 12.0","999.9","  28.9"," ","   6.1"," "," 0.00","G","999.9","000000"
"72458593997","2025-01-14","38.87251","-98.80928","568.1","RUSSELL MUNICIPAL AIRPORT, KS US","  19.9","24","  16.9","24","1027.6","18","958.6","23","  8.5","24","  6.7","24"," 12.0","999.9","  26.1"," ","  10.0"," "," 0.00","G","999.9","100000"
"72458593997","2025-01-15","38.87251","-98.80928","568.1","RUSSELL MUNICIPAL AIRPORT, KS US","  19.8","24","  15.9","24","1030.5","22","960.2","23","  7.7","24","  5.7","24"," 11.1","999.9","  37.0","*","   8.1","*"," 0.00","G","999.9","100000"
"72458593997","2025-01-16","38.87251","-98.80928","568.1","RUSSELL MUNICIPAL AIRPORT, KS US","  30.1","24","  23.8","24","1025.3","24","956.2","23"," 10.0","24","  7.7","24"," 13.0","999.9","  39.9"," ","  19.9"," "," 0.00","G","999.9","000000"
"72458593997","2025-01-17","38.87251","-98.80928","568.1","RUSSELL MUNICIPAL AIRPORT, KS US","  35.8","24","  26.9","24","1005.4","24","938.1","23"," 10.0","24"," 13.6","24"," 19.0","999.9","  44.1"," ","  24.1"," "," 0.00","G","999.9","000000"
"72458593997","2025-01-18","38.87251","-98.80928","568.1","RUSSELL MUNICIPAL AIRPORT, KS US","  23.3","24","  14.1","24","1020.9","18","953.0","23"," 10.0","24"," 16.2","24"," 20.0"," 36.9","  39.0"," ","  15.1"," "," 0.00","G","999.9","000000"
"72458593997","2025-01-19","38.87251","-98.80928","568.1","RUSSELL MUNICIPAL AIRPORT, KS US","   9.6","24","   1.1","24","1034.4","24","963.1","23"," 10.0","24","  5.8","24","  9.9","999.9","  17.1"," ","   1.0"," "," 0.00","G","999.9","000000"
"72458593997","2025-01-20","38.87251","-98.80928","568.1","RUSSELL MUNICIPAL AIRPORT, KS US","   9.7","24","   0.4","24","1036.0","22","964.6","23","  9.5","24","  8.8","24"," 15.0"," 19.0","  12.9"," ","   6.1"," "," 0.00","G","999.9","001000"
"72458593997","2025-01-21","38.87251","-98.80928","568.1","RUSSELL MUNICIPAL AIRPORT, KS US","   7.0","24","  -3.6","24","1036.6","24","964.5","23"," 10.0","24"," 11.0","24"," 21.0"," 33.0","  28.9"," ","  -8.0"," "," 0.00","G","999.9","000000"
"72458593997","2025-01-22","38.87251","-98.80928","568.1","RUSSELL MUNICIPAL AIRPORT, KS US","  26.0","24","  15.8","24","1021.6","24","952.2","24"," 10.0","24"," 13.0","24"," 22.0"," 32.1","  39.9"," ","  10.9"," "," 0.00","G","999.9","000000"
"72458593997","2025-01-23","38.87251","-98.80928","568.1","RUSSELL MUNICIPAL AIRPORT, KS US","  27.2","22","  18.4","22","1030.4","21","958.8"," 7"," 10.0","22","  9.4","22"," 14.0"," 17.1","  34.0","*","  24.1","*"," 0.00","G","999.9","000000"
"72458593997","2025-01-24","38.87251","-98.80928","568.1","RUSSELL MUNICIPAL AIRPORT, KS US","  23.5","24","  15.6","24","1023.1","24","999.9"," 0"," 10.0","24","  9.0","24"," 14.0","999.9","  44.1"," ","  10.9"," "," 0.00","G","999.9","000000"
"72458593997","2025-01-25","38.87251","-98.80928","568.1","RUSSELL MUNICIPAL AIRPORT, KS US","  32.2","24","  23.4","24","1022.4","24","955.4","18"," 10.0","24","  9.8","24"," 15.9"," 22.9","  39.0"," ","  26.1"," "," 0.00","G","999.9","000000"
"72458593997","2025-01-26","38.87251","-98.80928","568.1","RUSSELL MUNICIPAL AIRPORT, KS US","  26.2","24","  17.0","24","1031.1","24","961.6","23"," 10.0","24","  3.7","24","  9.9","999.9","  33.1"," ","  19.9"," "," 0.00","G","999.9","000000"
"72458593997","2025-01-27","38.87251","-98.80928","568.1","RUSSELL MUNICIPAL AIRPORT, KS US","  27.2","24","  19.2","24","1025.3","24","956.4","18"," 10.0","24","  9.9","24"," 15.0","999.9","  46.0"," ","  18.0"," "," 0.00","G","999.9","000000"
"72458593997","2025-01-28","38.87251","-98.80928","568.1","RUSSELL MUNICIPAL AIRPORT, KS US","  34.6","24","  24.1","24","1017.9","24","949.6","16"," 10.0","24","  8.2","24"," 13.0","999.9","  53.1"," ","  23.0"," "," 0.00","G","999.9","000000"
"72458593997","2025-01-29","38.87251","-98.80928","568.1","RUSSELL MUNICIPAL AIRPORT, KS US","  38.0","24","  25.6","24","1017.0","24","949.2","22"," 10.0","24","  6.7","24","  8.9","999.9","  52.0","*","  27.0","*"," 0.00","G","999.9","000000"
"72458593997","2025-01-30","38.87251","-98.80928","568.1","RUSSELL MUNICIPAL AIRPORT, KS US","  39.7","24","  36.3","24","1010.1","16","943.3","24","  4.7","24","  6.2","24"," 11.1","999.9","  50.0","*","  34.0","*"," 0.13","G","999.9","110000"
"72458593997","2025-01-31","38.87251","-98.80928","568.1","RUSSELL MUNICIPAL AIRPORT, KS US","  40.4","24","  32.4","24","1014.5","18","945.7","24","  8.5","24"," 10.2","24"," 20.0"," 24.1","  52.0","*","  32.0","*"," 0.11","G","999.9","110000"
"72458593997","2025-02-01","38.87251","-98.80928","568.1","RUSSELL MUNICIPAL AIRPORT, KS US","  39.2","24","  31.3","24","1015.4","24","947.8","24"," 10.0","24"," 12.3","24"," 22.9"," 32.1","  51.1","*","  33.1","*"," 0.00","I","999.9","000000"
"72458593997","2025-02-02","38.87251","-98.80928","568.1","RUSSELL MUNICIPAL AIRPORT, KS US","  43.9","24","  32.0","24","1012.7","24","945.5","24"," 10.0","24","  6.4","24"," 14.0","999.9","  64.9","*","  30.0","*"," 0.00","G","999.9","000000"
"72458593997","2025-02-03","38.87251","-98.80928","568.1","RUSSELL MUNICIPAL AIRPORT, KS US","  42.1","24","  30.6","24","1011.2","24","944.3","24"," 10.0","24"," 13.5","24"," 22.9"," 32.1","  51.1","*","  33.1","*"," 0.00","G","999.9","000000"
"72458593997","2025-02-04","38.87251","-98.80928","568.1","RUSSELL MUNICIPAL AIRPORT, KS US","  20.6","24","  15.3","24","1027.9","20","958.7","24","  9.9","24"," 11.6","24"," 17.1"," 26.0","  30.0","*","  17.1","*"," 0.00","G","999.9","000000"
"72458593997","2025-02-05","38.87251","-98.80928","568.1","RUSSELL MUNICIPAL AIRPORT, KS US","  23.9","24","  21.8","24","1019.0","17","950.3","23","  4.2","24","  5.2","24","  8.0","999.9","  28.9"," ","  21.0"," "," 0.00","G","999.9","100000"
"72458593997","2025-02-06","38.87251","-98.80928","568.1","RUSSELL MUNICIPAL AIRPORT, KS US","  32.0","24","  23.1","24","1018.2","19","948.7","24","  6.1","24","  8.7","24"," 19.0"," 29.9","  44.1","*","  21.9","*"," 0.00","G","999.9","100000"
"72458593997","2025-02-07","38.87251","-98.80928","568.1","RUSSELL MUNICIPAL AIRPORT, KS US","  31.1","24","  21.0","24","1020.0","22","951.1","23"," 10.0","24","  9.1","24"," 19.0"," 27.0","  42.1"," ","  19.9"," "," 0.00","G","999.9","000000"
"72458593997","2025-02-08","38.87251","-98.80928","568.1","RUSSELL MUNICIPAL AIRPORT, KS US","  32.3","24","  23.4","24","1017.4","19","948.9","23","  8.2","24"," 10.7","24"," 27.0"," 35.9","  37.9"," ","  26.1"," "," 0.00","G","999.9","000000"
"72458593997","2025-02-09","38.87251","-98.80928","568.1","RUSSELL MUNICIPAL AIRPORT, KS US","  26.0","24","  14.6","24","1029.2","24","959.7","23"," 10.0","24","  4.0","24","  8.9","999.9","  37.0"," ","  19.9"," "," 0.00","G","999.9","000000"
"72458593997","2025-02-10","38.87251","-98.80928","568.1","RUSSELL MUNICIPAL AIRPORT, KS US","  29.3","24","  16.4","24","1028.1","24","958.8","23"," 10.0","24","  8.8","24"," 14.0"," 24.1","  39.0"," ","  21.0"," "," 0.00","G","999.9","000000"
"72458593997","2025-02-11","38.87251","-98.80928","568.1","RUSSELL MUNICIPAL AIRPORT, KS US","  20.6","24","  12.1","24","1024.3","21","954.6","23","  9.4","24"," 13.0","24"," 18.1"," 27.0","  34.0","*","  12.9","*"," 0.00","G","999.9","001000"
"72458593997","2025-02-12","38.87251","-98.80928","568.1","RUSSELL MUNICIPAL AIRPORT, KS US","  11.5","24","   5.5","24","1019.0","15","949.0","23","  5.7","24"," 12.7","24"," 17.1"," 24.1","  19.0"," ","   6.1"," "," 0.06","G","999.9","101000"
"72458593997","2025-02-13","38.87251","-98.80928","568.1","RUSSELL MUNICIPAL AIRPORT, KS US","   4.4","24","  -1.3","24","1029.7","24","958.2","23"," 10.0","24","  8.4","24"," 17.1","999.9","  25.0"," ","  -9.9"," "," 0.19","G","999.9","000000"
"72458593997","2025-02-14","38.87251","-98.80928","568.1","RUSSELL MUNICIPAL AIRPORT, KS US","  27.5","24","  19.7","24","1018.5","24","949.0","23","  9.3","24"," 19.8","20"," 29.9"," 42.9","  51.1"," ","  16.0"," "," 0.00","G","999.9","000000"
"72458593997","2025-02-15","38.87251","-98.80928","568.1","RUSSELL MUNICIPAL AIRPORT, KS US","  28.8","24","  23.3","24","1011.9","21","944.8","23","  8.1","24"," 15.5","24"," 24.1"," 40.0","  46.0"," ","  21.0"," "," 0.00","G","999.9","000000"
"72458593997","2025-02-16","38.87251","-98.80928","568.1","RUSSELL MUNICIPAL AIRPORT, KS US","  16.8","24","   4.7","24","1028.5","22","958.0","23"," 10.0","24"," 13.9","24"," 22.9"," 31.1","  27.0"," ","   8.1"," "," 0.00","I","999.9","000000"
"72458593997","2025-02-17","38.87251","-98.80928","568.1","RUSSELL MUNICIPAL AIRPORT, KS US","  18.4","24","   9.5","24","1025.2","20","955.2","23","  9.3","24"," 11.8","21"," 17.1"," 26.0","  23.0","*","  12.2","*"," 0.00","G","999.9","001000"
"72458593997","2025-02-18","38.87251","-98.80928","568.1","RUSSELL MUNICIPAL AIRPORT, KS US","   0.3","24","  -5.5","24","1033.8","14","962.1","24","  3.1","24"," 15.8","24"," 19.0"," 29.9","  12.9"," ","  -4.0"," "," 0.00","G","999.9","001000"
"72458593997","2025-02-19","38.87251","-98.80928","568.1","RUSSELL MUNICIPAL AIRPORT, KS US","  -0.6","24","  -7.7","24","1043.0","19","969.9","23","  7.5","24"," 11.7","24"," 15.9"," 25.1","   5.0"," ","  -4.0"," "," 0.20","G","999.9","001000"
"72458593997","2025-02-20","38.87251","-98.80928","568.1","RUSSELL MUNICIPAL AIRPORT, KS US","  -2.3","24"," -11.3","24","1041.2","24","968.2","23"," 10.0","24","  4.2","24","  8.0","999.9","  12.0"," "," -13.0"," "," 0.00","G","999.9","000000"
"72458593997","2025-02-21","38.87251","-98.80928","568.1","RUSSELL MUNICIPAL AIRPORT, KS US","   8.5","24","  -1.1","24","1037.2","24","965.2","23"," 10.0","24","  7.5","24"," 13.0"," 19.0","  21.9"," ","  -0.9"," "," 0.00","G","999.9","000000"
"72458593997","2025-02-22","38.87251","-98.80928","568.1","RUSSELL MUNICIPAL AIRPORT, KS US","  23.7","24","  14.2","24","1026.7","24","956.6","23"," 10.0","24","  9.6","24"," 13.0","999.9","  51.1"," ","   9.0"," "," 0.00","G","999.9","000000"
"72458593997","2025-02-23","38.87251","-98.80928","568.1","RUSSELL MUNICIPAL AIRPORT, KS US","  41.8","24","  29.3","24","1018.1","24","950.2","23"," 10.0","24","  8.4","24"," 12.0","999.9","  63.0"," ","  27.0"," "," 0.00","G","999.9","000000"
"72458593997","2025-02-24","38.87251","-98.80928","568.1","RUSSELL MUNICIPAL AIRPORT, KS US","  48.6","24","  32.4","24","1012.6","24","945.8","23"," 10.0","24"," 10.1","24"," 22.9"," 28.0","  71.1"," ","  32.0"," "," 0.00","G","999.9","000000"
"72458593997","2025-02-25","38.87251","-98.80928","568.1","RUSSELL MUNICIPAL AIRPORT, KS US","  50.1","24","  33.3","24","1012.8","24","946.3","23"," 10.0","24","  8.7","24"," 22.9"," 32.1","  73.9"," ","  32.0"," "," 0.00","G","999.9","000000"
"72458593997","2025-02-26","38.87251","-98.80928","568.1","RUSSELL MUNICIPAL AIRPORT, KS US","  52.7","24","  31.5","24","1013.5","23","947.1","23"," 10.0","24"," 14.5","24"," 22.0"," 31.1","  68.0"," ","  37.9"," "," 0.00","G","999.9","000000"
"72458593997","2025-02-27","38.87251","-98.80928","568.1","RUSSELL MUNICIPAL AIRPORT, KS US","  45.1","24","  24.9","24","1023.8","24","956.1","23"," 10.0","23","  9.2","24"," 14.0"," 21.0","  66.0"," ","  28.9"," "," 0.00","G","999.9","000000"
"72458593997","2025-02-28","38.87251","-98.80928","568.1","RUSSELL MUNICIPAL AIRPORT, KS US","  49.3","24","  25.3","24","1014.9","24","947.9","23"," 10.0","24"," 11.1","24"," 18.1"," 25.1","  71.1","*","  30.9","*"," 0.00","G","999.9","000000"
"72458593997","2025-03-01","38.87251","-98.80928","568.1","RUSSELL MUNICIPAL AIRPORT, KS US","  43.5","24","  27.1","24","1019.7","24","952.5","23"," 10.0","24","  7.5","24"," 13.0"," 17.1","  62.1"," ","  28.0"," "," 0.00","G","999.9","000000"
"72458593997","2025-03-02","38.87251","-98.80928","568.1","RUSSELL MUNICIPAL AIRPORT, KS US","  41.2","24","  28.5","24","1017.0","24","949.3","23"," 10.0","24"," 11.1","24"," 18.1"," 25.1","  60.1"," ","  28.0"," "," 0.00","G","999.9","010000"
"72458593997","2025-03-03","38.87251","-98.80928","568.1","RUSSELL MUNICIPAL AIRPORT, KS US","  47.5","24","  43.6","24","1006.8","20","940.0","23","  8.6","24"," 14.9","24"," 28.0"," 41.0","  55.9","*","  43.0","*"," 0.00","G","999.9","000000"
"72458593997","2025-03-04","38.87251","-98.80928","568.1","RUSSELL MUNICIPAL AIRPORT, KS US","  47.2","24","  39.0","24"," 992.4","15","928.3","24","  8.2","24"," 16.7","21"," 38.1"," 59.1","  59.0"," ","  34.0"," "," 0.00","G","999.9","001000"
"72458593997","2025-03-05","38.87251","-98.80928","568.1","RUSSELL MUNICIPAL AIRPORT, KS US","  35.4","24","  21.7","24","1013.5","23","945.3","24","  9.4","24"," 19.1","18"," 28.0"," 42.9","  46.9"," ","  26.1"," "," 0.01","G","999.9","001000"
"72458593997","2025-03-06","38.87251","-98.80928","568.1","RUSSELL MUNICIPAL AIRPORT, KS US","  40.5","24","  21.0","24","1013.0","24","945.4","23"," 10.0","24"," 11.1","24"," 27.0"," 36.9","  55.0"," ","  26.1"," "," 0.00","G","999.9","000000"
"72458593997","2025-03-07","38.87251","-98.80928","568.1","RUSSELL MUNICIPAL AIRPORT, KS US","  43.5","24","  28.7","24","1003.6","22","938.0","23"," 10.0","24"," 18.3","24"," 29.9"," 45.1","  50.0"," ","  33.1"," "," 0.00","G","999.9","000000"
"72458593997","2025-03-08","38.87251","-98.80928","568.1","RUSSELL MUNICIPAL AIRPORT, KS US","  35.1","24","  24.8","24","1021.6","24","953.3","23","  9.8","24","  4.8","23","  8.9","999.9","  54.0"," ","  19.9"," "," 0.00","G","999.9","000000"
"72458593997","2025-03-09","38.87251","-98.80928","568.1","RUSSELL MUNICIPAL AIRPORT, KS US","  42.1","23","  23.6","23","1019.9","23","952.1","22"," 10.0","23","  6.4","23"," 12.0"," 17.1","  68.0","*","  23.0","*"," 0.00","G","999.9","000000"
"72458593997","2025-03-10","38.87251","-98.80928","568.1","RUSSELL MUNICIPAL AIRPORT, KS US","  54.6","24","  25.1","24","1011.7","23","945.2","23"," 10.0","24"," 11.8","24"," 22.9"," 29.9","  84.0","*","  33.1","*"," 0.00","G","999.9","000000"
"72458593997","2025-03-11","38.87251","-98.80928","568.1","RUSSELL MUNICIPAL AIRPORT, KS US","  54.2","24","  28.4","24","1005.1","24","939.5","23"," 10.0","24","  9.7","24"," 17.1"," 24.1","  78.1"," ","  37.0"," "," 0.00","G","999.9","000000"
"72458593997","2025-03-12","38.87251","-98.80928","568.1","RUSSELL MUNICIPAL AIRPORT, KS US","  52.8","24","  32.9","24","1005.1","24","939.1","23"," 10.0","24","  6.8","24"," 11.1"," 17.1","  73.9"," ","  30.9"," "," 0.00","G","999.9","000000"
"72458593997","2025-03-13","38.87251","-98.80928","568.1","RUSSELL MUNICIPAL AIRPORT, KS US","  56.2","24","  33.1","24","1004.6","24","938.8","23"," 10.0","24","  9.0","24"," 22.0"," 29.9","  78.1"," ","  33.1"," "," 0.00","G","999.9","000000"
"72458593997","2025-03-14","38.87251","-98.80928","568.1","RUSSELL MUNICIPAL AIRPORT, KS US","  61.3","24","  28.7","24"," 986.1","23","921.6","23","  9.2","24"," 18.3","24"," 33.0"," 45.1","  73.9"," ","  52.0"," "," 0.00","I","999.9","000000"
"72458593997","2025-03-15","38.87251","-98.80928","568.1","RUSSELL MUNICIPAL AIRPORT, KS US","  47.6","24","  23.1","24"," 996.3","24","931.0","23"," 10.0","24"," 21.6","24"," 28.9"," 41.0","  64.9"," ","  37.9"," "," 0.00","G","999.9","000000"
"72458593997","2025-03-16","38.87251","-98.80928","568.1","RUSSELL MUNICIPAL AIRPORT, KS US","  40.7","24","  11.2","24","1013.1","24","945.8","23"," 10.0","24","  7.5","24"," 15.9"," 22.9","  64.0"," ","  19.9"," "," 0.00","G","999.9","000000"
"72458593997","2025-03-17","38.87251","-98.80928","568.1","RUSSELL MUNICIPAL AIRPORT, KS US","  54.8","24","  20.9","24","1011.1","24","944.6","23"," 10.0","24"," 12.6","24"," 20.0"," 27.0","  82.0"," ","  33.1"," "," 0.00","G","999.9","000000"
"72458593997","2025-03-18","38.87251","-98.80928","568.1","RUSSELL MUNICIPAL AIRPORT, KS US","  63.1","24","  26.2","24"," 998.4","24","933.5","23"," 10.0","24"," 11.4","24"," 15.9"," 27.0","  86.0"," ","  45.0"," "," 0.00","G","999.9","000000"
"72458593997","2025-03-19","38.87251","-98.80928","568.1","RUSSELL MUNICIPAL AIRPORT, KS US","  45.9","18","  33.3","18","1001.6","12","934.7","17","  7.5","17"," 25.5","16"," 42.9"," 61.0","  72.0","*","  30.9","*"," 0.16","G","999.9","111000"
"72458593997","2025-03-20","38.87251","-98.80928","568.1","RUSSELL MUNICIPAL AIRPORT, KS US","  37.6","24","  26.3","24","1022.8","18","954.8","24"," 10.0","24"," 10.1","24"," 17.1","999.9","  59.0"," ","  21.9"," "," 0.18","G","999.9","000000"
"72458593997","2025-03-21","38.87251","-98.80928","568.1","RUSSELL MUNICIPAL AIRPORT, KS US","  50.3","24","  26.6","24","1011.0","24","944.4","24"," 10.0","24"," 15.7","24"," 20.0"," 35.0","  62.1"," ","  35.1"," "," 0.00","G","999.9","000000"
"72458593997","2025-03-22","38.87251","-98.80928","568.1","RUSSELL MUNICIPAL AIRPORT, KS US","  48.0","24","  26.7","24","1012.8","24","945.9","23"," 10.0","24"," 11.6","24"," 27.0"," 35.0","  66.9","*","  33.1","*"," 0.00","G","999.9","000000"
"72458593997","2025-03-23","38.87251","-98.80928","568.1","RUSSELL MUNICIPAL AIRPORT, KS US","  54.0","24","  27.2","24","1010.6","24","944.8","23"," 10.0","24"," 15.7","24"," 25.1"," 36.9","  64.9"," ","  43.0"," "," 0.00","G","999.9","000000"
"72458593997","2025-03-24","38.87251","-98.80928","568.1","RUSSELL MUNICIPAL AIRPORT, KS US","  50.7","24","  28.0","24","1014.5","24","947.6","23"," 10.0","24"," 10.7","24"," 21.0"," 28.0","  75.9"," ","  28.9"," "," 0.00","G","999.9","000000"
"72458593997","2025-03-25","38.87251","-98.80928","568.1","RUSSELL MUNICIPAL AIRPORT, KS US","  60.0","24","  39.6","24","1018.3","24","952.1","23"," 10.0","24","  4.6","23","  9.9","999.9","  75.9"," ","  48.0"," "," 0.00","G","999.9","000000"
"72458593997","2025-03-26","38.87251","-98.80928","568.1","RUSSELL MUNICIPAL AIRPORT, KS US","  56.9","24","  38.7","24","1021.8","24","955.2","24"," 10.0","24"," 10.4","24"," 19.0"," 28.0","  73.9"," ","  37.0"," "," 0.00","G","999.9","000000"
"72458593997","2025-03-27","38.87251","-98.80928","568.1","RUSSELL MUNICIPAL AIRPORT, KS US","  67.5","24","  48.9","24","1012.1","21","945.7","23","  9.5","24"," 15.0","24"," 28.0"," 38.1","  90.0","*","  57.0","*"," 0.00","G","999.9","010010"
"72458593997","2025-03-28","38.87251","-98.80928","568.1","RUSSELL MUNICIPAL AIRPORT, KS US","  68.0","24","  53.2","24","1005.6","22","940.7","24"," 10.0","24"," 20.1","24"," 26.0"," 35.9","  79.0"," ","  57.0"," "," 0.05","G","999.9","010000"
"72458593997","2025-03-29","38.87251","-98.80928","568.1","RUSSELL MUNICIPAL AIRPORT, KS US","  60.4","24","  51.6","24","1000.9","19","936.3","23","  9.6","24"," 17.6","24"," 29.9"," 39.0","  73.9"," ","  46.0"," "," 0.00","G","999.9","000000"
"72458593997","2025-03-30","38.87251","-98.80928","568.1","RUSSELL MUNICIPAL AIRPORT, KS US","  40.7","24","  32.8","24","1011.7","17","944.3","24","  9.5","24"," 13.7","24"," 22.9"," 28.9","  55.0"," ","  34.0"," "," 0.00","G","999.9","010000"
"72458593997","2025-03-31","38.87251","-98.80928","568.1","RUSSELL MUNICIPAL AIRPORT, KS US","  42.1","24","  33.0","24","1017.8","23","950.7","20"," 10.0","24","  6.9","24"," 13.0","999.9","  54.0"," ","  32.0"," "," 0.05","G","999.9","000000"
"72458593997","2025-04-01","38.87251","-98.80928","568.1","RUSSELL MUNICIPAL AIRPORT, KS US","  54.3","24","  39.1","24","1001.6","23","932.6","18","  9.0","24"," 18.4","24"," 29.9"," 38.1","  79.0"," ","  42.1"," "," 0.00","G","999.9","000000"
"72458593997","2025-04-02","38.87251","-98.80928","568.1","RUSSELL MUNICIPAL AIRPORT, KS US","  55.0","24","  40.9","24"," 995.4","21","929.5","24","  9.6","24"," 12.5","24"," 21.0"," 47.0","  73.9"," ","  42.1"," "," 0.13","G","999.9","010010"
"72458593997","2025-04-03","38.87251","-98.80928","568.1","RUSSELL MUNICIPAL AIRPORT, KS US","  46.0","24","  34.3","24","1012.4","23","945.9","23"," 10.0","24"," 10.3","24"," 18.1"," 22.0","  61.0"," ","  34.0"," "," 0.00","G","999.9","000000"
"72458593997","2025-04-04","38.87251","-98.80928","568.1","RUSSELL MUNICIPAL AIRPORT, KS US","  46.5","24","  43.6","24","1017.8","18","950.9","23","  7.7","24","  7.6","24"," 13.0","999.9","  54.0"," ","  42.1"," "," 0.00","G","999.9","010000"
"72458593997","2025-04-05","38.87251","-98.80928","568.1","RUSSELL MUNICIPAL AIRPORT, KS US","  40.4","24","  28.5","24","1026.3","20","958.1","23","  9.3","24"," 17.5","24"," 24.1"," 39.0","  50.0"," ","  30.9"," "," 0.16","G","999.9","010000"
"72458593997","2025-04-06","38.87251","-98.80928","568.1","RUSSELL MUNICIPAL AIRPORT, KS US","  39.7","21","  18.8","21","1024.5","21","956.2","20"," 10.0","21","  5.9","19"," 11.1","999.9","  55.9","*","  25.0","*"," 0.00","G","999.9","000000"
"72458593997","2025-04-07","38.87251","-98.80928","568.1","RUSSELL MUNICIPAL AIRPORT, KS US","  44.3","24","  25.0","24","1018.3","21","951.0","23","  8.9","24","  9.4","24"," 15.9"," 24.1","  63.0"," ","  28.9"," "," 0.00","G","999.9","000000"
"72458593997","2025-04-08","38.87251","-98.80928","568.1","RUSSELL MUNICIPAL AIRPORT, KS US","  49.5","24","  28.8","24","1015.9","23","948.9","23","  9.5","24"," 13.8","24"," 22.9"," 29.9","  75.0"," ","  30.9"," "," 0.00","G","999.9","000000"
"72458593997","2025-04-09","38.87251","-98.80928","568.1","RUSSELL MUNICIPAL AIRPORT, KS US","  63.8","24","  38.1","24","1011.3","24","945.7","23"," 10.0","24"," 13.3","24"," 19.0"," 25.1","  79.0"," ","  45.0"," "," 0.00","G","999.9","000000"
"72458593997","2025-04-10","38.87251","-98.80928","568.1","RUSSELL MUNICIPAL AIRPORT, KS US","  58.4","22","  30.2","22","1022.1","22","955.7","21"," 10.0","22"," 11.3","22"," 20.0"," 33.0","  75.0"," ","  41.0"," "," 0.00","G","999.9","000000"
"72458593997","2025-04-11","38.87251","-98.80928","568.1","RUSSELL MUNICIPAL AIRPORT, KS US","  54.7","21","  27.7","21","1024.8","21","957.7","20"," 10.0","21","  5.9","21"," 14.0"," 18.1","  73.9"," ","  34.0"," "," 0.00","G","999.9","000000"
"72458593997","2025-04-12","38.87251","-98.80928","568.1","RUSSELL MUNICIPAL AIRPORT, KS US","  56.4"," 9","  34.2"," 9","1016.6"," 9","950.4"," 8"," 10.0"," 9"," 13.4"," 9"," 15.9","999.9","  71.1"," ","  52.0"," "," 0.00","G","999.9","000000"
"72458593997","2025-04-13","38.87251","-98.80928","568.1","RUSSELL MUNICIPAL AIRPORT, KS US","  78.6"," 9","  39.3"," 9","1005.4"," 9","941.0"," 9"," 10.0"," 9"," 16.4"," 9"," 20.0"," 31.1","  82.9"," ","  59.0"," "," 0.00","G","999.9","000000"
"72458593997","2025-04-14","38.87251","-98.80928","568.1","RUSSELL MUNICIPAL AIRPORT, KS US","  57.9","23","  29.9","23","1018.5","23","952.5","22"," 10.0","23"," 14.3","23"," 20.0"," 28.9","  73.0"," ","  48.9"," "," 0.00","G","999.9","000000"
"72458593997","2025-04-15","38.87251","-98.80928","568.1","RUSSELL MUNICIPAL AIRPORT, KS US","  49.2","24","  22.7","24","1026.0","24","958.4","23"," 10.0","24","  7.9","24"," 17.1"," 25.1","  68.0"," ","  28.0"," "," 0.00","G","999.9","000000"
"72458593997","2025-04-16","38.87251","-98.80928","568.1","RUSSELL MUNICIPAL AIRPORT, KS US","  64.3","23","  36.0","23","1010.3","23","944.4","22"," 10.0","23"," 16.3","23"," 21.0"," 31.1","  87.1"," ","  51.1"," "," 0.00","G","999.9","000000"
"72458593997","2025-04-17","38.87251","-98.80928","568.1","RUSSELL MUNICIPAL AIRPORT, KS US","  74.9","23","  47.3","23"," 998.5","23","934.3","22","  9.8","23"," 14.4","23"," 22.0"," 33.0","  95.0"," ","  57.0"," "," 0.00","G","999.9","000000"
"72458593997","2025-04-18","38.87251","-98.80928","568.1","RUSSELL MUNICIPAL AIRPORT, KS US","  53.5","24","  36.0","24","1005.8","24","940.8","23"," 10.0","24"," 16.2","24"," 25.1"," 34.0","  77.0","*","  42.1","*"," 0.00","G","999.9","000000"
"72458593997","2025-04-19","38.87251","-98.80928","568.1","RUSSELL MUNICIPAL AIRPORT, KS US","  49.2","24","  24.9","24","1020.1","24","953.0","23"," 10.0","24"," 10.0","24"," 15.9"," 24.1","  60.1"," ","  39.9"," "," 0.00","G","999.9","000000"
"72458593997","2025-04-20","38.87251","-98.80928","568.1","RUSSELL MUNICIPAL AIRPORT, KS US","  46.5","24","  39.1","24","1016.1","18","949.0","23","  8.1","24"," 10.0","24"," 15.0"," 20.0","  57.0"," ","  42.1"," "," 0.21","G","999.9","010000"
"72458593997","2025-04-21","38.87251","-98.80928","568.1","RUSSELL MUNICIPAL AIRPORT, KS US","  53.2","24","  40.0","24","1013.9","24","947.1","24","  8.0","24"," 10.3","24"," 19.0"," 28.0","  82.0"," ","  37.9"," "," 0.36","G","999.9","000000"
"72458593997","2025-04-22","38.87251","-98.80928","568.1","RUSSELL MUNICIPAL AIRPORT, KS US","  65.1","24","  49.1","24","1010.7","24","945.3","23"," 10.0","24"," 10.6","23"," 20.0"," 29.9","  79.0"," ","  50.0"," "," 0.00","G","999.9","000000"
"72458593997","2025-04-23","38.87251","-98.80928","568.1","RUSSELL MUNICIPAL AIRPORT, KS US","  62.6","23","  53.6","23","1012.7","23","947.2","23","  9.6","23","  9.5","23"," 17.1"," 22.9","  73.0","*","  57.0","*"," 0.00","G","999.9","010000"
"72458593997","2025-04-24","38.87251","-98.80928","568.1","RUSSELL MUNICIPAL AIRPORT, KS US","  62.2","23","  56.8","23","1013.3","14","948.2","23","  9.0","22","  6.7","23"," 20.0"," 28.0","  72.0","*","  55.0","*"," 0.07","G","999.9","010010"
"72458593997","2025-04-25","38.87251","-98.80928","568.1","RUSSELL MUNICIPAL AIRPORT, KS US","  55.3","24","  52.0","24","1019.2","18","952.4","23","  9.0","24"," 10.9","24"," 19.0"," 28.0","  66.9"," ","  48.9"," "," 0.71","G","999.9","010010"
"72458593997","2025-04-26","38.87251","-98.80928","568.1","RUSSELL MUNICIPAL AIRPORT, KS US","  51.9","24","  48.6","24","1021.6","18","954.6","23","  8.9","24","  9.7","24"," 15.9"," 20.0","  57.9"," ","  50.0"," "," 0.13","G","999.9","010010"
"72458593997","2025-04-27","38.87251","-98.80928","568.1","RUSSELL MUNICIPAL AIRPORT, KS US","  61.4","24","  58.4","24","1014.1","11","947.5","24","  6.0","24"," 15.0","24"," 25.1"," 34.0","  72.0","*","  53.6","*"," 0.43","G","999.9","100000"
"72458593997","2025-04-28","38.87251","-98.80928","568.1","RUSSELL MUNICIPAL AIRPORT, KS US","  74.0","24","  56.9","24","1004.2","19","939.7","24","  8.2","24"," 19.3","24"," 24.1"," 35.0","  82.9"," ","  69.1"," "," 0.00","G","999.9","000000"
"72458593997","2025-04-29","38.87251","-98.80928","568.1","RUSSELL MUNICIPAL AIRPORT, KS US","  57.3","24","  42.9","24","1016.9","21","951.2","21"," 10.0","24"," 10.9","24"," 22.0"," 32.1","  79.0"," ","  46.0"," "," 0.00","G","999.9","000000"
"72458593997","2025-04-30","38.87251","-98.80928","568.1","RUSSELL MUNICIPAL AIRPORT, KS US","  58.3","24","  53.5","24","1011.8","15","946.0","21","  7.7","24","  6.6","24"," 11.1","999.9","  68.0"," ","  52.0"," "," 0.09","G","999.9","010000"
"72458593997","2025-05-01","38.87251","-98.80928","568.1","RUSSELL MUNICIPAL AIRPORT, KS US","  59.2","24","  49.6","24","1010.4","24","945.7","18","  9.9","24","  8.4","24"," 17.1"," 25.1","  68.0","*","  50.0","*"," 0.12","G","999.9","000000"
"72458593997","2025-05-02","38.87251","-98.80928","568.1","RUSSELL MUNICIPAL AIRPORT, KS US","  54.9","24","  43.8","24","1015.3","24","949.1","23"," 10.0","24"," 12.3","24"," 22.0"," 32.1","  66.0"," ","  46.9"," "," 0.00","G","999.9","010000"
"72458593997","2025-05-03","38.87251","-98.80928","568.1","RUSSELL MUNICIPAL AIRPORT, KS US","  53.5","23","  38.6","23","1017.9","23","951.1","22"," 10.0","23","  4.7","22","  8.0","999.9","  70.0"," ","  37.9"," "," 0.01","G","999.9","000000"
"72458593997","2025-05-04","38.87251","-98.80928","568.1","RUSSELL MUNICIPAL AIRPORT, KS US","  58.9","24","  41.2","24","1015.3","24","949.1","23"," 10.0","24","  9.5","24"," 15.0"," 21.0","  73.9"," ","  43.0"," "," 0.00","G","999.9","000000"
"72458593997","2025-05-05","38.87251","-98.80928","568.1","RUSSELL MUNICIPAL AIRPORT, KS US","  59.6","24","  43.2","24","1013.8","24","947.8","23"," 10.0","24","  7.4","24"," 12.0"," 17.1","  75.0"," ","  44.1"," "," 0.00","G","999.9","000000"
"72458593997","2025-05-06","38.87251","-98.80928","568.1","RUSSELL MUNICIPAL AIRPORT, KS US","  59.2","23","  44.7","23","1014.3","23","948.4","22"," 10.0","23","  6.4","23"," 15.9"," 21.0","  72.0"," ","  45.0"," "," 0.00","G","999.9","000000"
"72458593997","2025-05-07","38.87251","-98.80928","568.1","RUSSELL MUNICIPAL AIRPORT, KS US","  58.2","24","  51.4","24","1015.5","22","949.5","23","  8.9","24","  7.1","24"," 15.9"," 24.1","  66.9"," ","  53.1"," "," 0.38","G","999.9","010000"
"72458593997","2025-05-08","38.87251","-98.80928","568.1","RUSSELL MUNICIPAL AIRPORT, KS US","  60.5","24","  49.7","24","1018.7","24","952.3","24","  9.9","24","  4.9","24"," 15.9"," 22.9","  77.0"," ","  46.0"," "," 0.03","G","999.9","000000"
"72458593997","2025-05-09","38.87251","-98.80928","568.1","RUSSELL MUNICIPAL AIRPORT, KS US","  65.1","23","  49.0","23","1021.7","23","955.6","22"," 10.0","23","  6.3","23"," 11.1"," 22.0","  82.0"," ","  48.9"," "," 0.00","G","999.9","000000"
"72458593997","2025-05-10","38.87251","-98.80928","568.1","RUSSELL MUNICIPAL AIRPORT, KS US","  67.9","24","  49.0","24","1022.1","24","956.2","23","  9.7","24","  5.9","24"," 11.1"," 17.1","  84.0"," ","  50.0"," "," 0.00","G","999.9","000000"
"72458593997","2025-05-11","38.87251","-98.80928","568.1","RUSSELL MUNICIPAL AIRPORT, KS US","  67.0","24","  45.2","24","1020.3","24","954.4","23"," 10.0","24","  7.4","24"," 12.0"," 18.1","  82.9"," ","  50.0"," "," 0.00","G","999.9","000000"
"72458593997","2025-05-12","38.87251","-98.80928","568.1","RUSSELL MUNICIPAL AIRPORT, KS US","  66.4","24","  45.7","24","1012.1","24","946.7","23"," 10.0","24","  9.7","24"," 14.0"," 22.9","  82.9"," ","  48.9"," "," 0.00","G","999.9","000000"
"72458593997","2025-05-13","38.87251","-98.80928","568.1","RUSSELL MUNICIPAL AIRPORT, KS US","  70.7","24","  51.0","24","1003.1","24","938.5","23"," 10.0","24"," 13.9","24"," 22.0"," 32.1","  86.0"," ","  55.0"," "," 0.00","G","999.9","010000"
"72458593997","2025-05-14","38.87251","-98.80928","568.1","RUSSELL MUNICIPAL AIRPORT, KS US","  73.2","23","  59.7","23"," 996.6","23","932.7","23","  9.9","23","  9.5","23"," 15.9"," 22.0","  90.0"," ","  55.9"," "," 0.00","G","999.9","000000"
"72458593997","2025-05-15","38.87251","-98.80928","568.1","RUSSELL MUNICIPAL AIRPORT, KS US","  68.5","24","  41.3","24"," 999.7","24","935.6","23","  9.8","24"," 15.8","24"," 27.0"," 48.0","  82.9"," ","  54.0"," "," 0.00","G","999.9","000000"
"72458593997","2025-05-16","38.87251","-98.80928","568.1","RUSSELL MUNICIPAL AIRPORT, KS US","  66.7","24","  39.4","24","1004.2","24","939.4","23"," 10.0","24"," 13.0","24"," 25.1"," 35.9","  81.0"," ","  53.1"," "," 0.00","G","999.9","000000"
"72458593997","2025-05-17","38.87251","-98.80928","568.1","RUSSELL MUNICIPAL AIRPORT, KS US","  63.2","24","  39.0","24","1011.6","24","946.1","23"," 10.0","24","  7.8","24"," 14.0"," 24.1","  80.1"," ","  46.0"," "," 0.00","G","999.9","000000"
"72458593997","2025-05-18","38.87251","-98.80928","568.1","RUSSELL MUNICIPAL AIRPORT, KS US","  64.6","24","  52.0","24","1007.9","20","941.7","23","  9.4","24"," 13.6","24"," 26.0"," 36.9","  80.1"," ","  50.0"," "," 0.00","G","999.9","010010"
"72458593997","2025-05-19","38.87251","-98.80928","568.1","RUSSELL MUNICIPAL AIRPORT, KS US","  69.3","24","  62.2","24"," 997.7","18","933.5","24","  7.2","24"," 14.0","24"," 28.0"," 41.0","  82.0"," ","  57.0"," "," 0.00","G","999.9","000000"
"72458593997","2025-05-20","38.87251","-98.80928","568.1","RUSSELL MUNICIPAL AIRPORT, KS US","  63.0","24","  40.8","24","1005.1","24","940.2","23"," 10.0","24"," 17.8","24"," 32.1"," 42.9","  80.1"," ","  46.9"," "," 0.00","G","999.9","000000"
"72458593997","2025-05-21","38.87251","-98.80928","568.1","RUSSELL MUNICIPAL AIRPORT, KS US","  62.0","23","  41.7","23","1013.6","23","947.8","22"," 10.0","23","  5.3","23"," 11.1"," 17.1","  80.1"," ","  42.1"," "," 0.00","G","999.9","000000"
"72458593997","2025-05-22","38.87251","-98.80928","568.1","RUSSELL MUNICIPAL AIRPORT, KS US","  63.0","23","  49.1","23","1018.9","22","952.8","22","  9.6","23","  7.8","22"," 11.1"," 18.1","  77.0"," ","  48.9"," "," 0.00","G","999.9","010000"
"72458593997","2025-05-23","38.87251","-98.80928","568.1","RUSSELL MUNICIPAL AIRPORT, KS US","  63.5","24","  46.4","24","1016.6","24","950.7","23"," 10.0","24"," 11.0","24"," 19.0"," 27.0","  75.9"," ","  52.0"," "," 0.00","G","999.9","000000"
"72458593997","2025-05-24","38.87251","-98.80928","568.1","RUSSELL MUNICIPAL AIRPORT, KS US","  64.2","24","  54.5","24","1013.7","20","948.3","23"," 10.0","24"," 12.7","24"," 15.9"," 24.1","  75.9"," ","  55.9"," "," 0.00","G","999.9","000000"
"72458593997","2025-05-25","38.87251","-98.80928","568.1","RUSSELL MUNICIPAL AIRPORT, KS US","  60.2","24","  57.9","24","1017.5","11","951.3","24","  6.3","24"," 14.1","24"," 29.9"," 48.0","  70.0"," ","  54.0"," "," 0.00","G","999.9","010010"
"72458593997","2025-05-26","38.87251","-98.80928","568.1","RUSSELL MUNICIPAL AIRPORT, KS US","  56.3","24","  54.5","24","1018.5","13","952.0","23","  6.1","24"," 11.1","24"," 21.0"," 34.0","  59.0"," ","  53.1"," "," 0.40","G","999.9","010000"
"72458593997","2025-05-27","38.87251","-98.80928","568.1","RUSSELL MUNICIPAL AIRPORT, KS US","  55.4","24","  53.0","24","1020.1"," 9","953.0","24","  5.9","24","  7.8","24"," 12.0","999.9","  63.0"," ","  51.1"," "," 1.01","G","999.9","110000"
"72458593997","2025-05-28","38.87251","-98.80928","568.1","RUSSELL MUNICIPAL AIRPORT, KS US","  55.8","24","  52.4","24","1020.3","17","953.4","24","  7.4","24","  4.6","24"," 13.0","999.9","  64.9"," ","  48.9"," "," 0.00","G","999.9","110010"
"72458593997","2025-05-29","38.87251","-98.80928","568.1","RUSSELL MUNICIPAL AIRPORT, KS US","  58.8","24","  52.2","24","1019.5","16","953.2","24","  7.4","24","  8.9","24"," 13.0","999.9","  72.0"," ","  52.0"," "," 0.66","G","999.9","010000"
"72458593997","2025-05-30","38.87251","-98.80928","568.1","RUSSELL MUNICIPAL AIRPORT, KS US","  63.6","23","  50.4","23","1019.1","23","953.2","20","  9.7","23","  3.2","23","  8.9","999.9","  78.1"," ","  48.9"," "," 0.04","G","999.9","000000"
"72458593997","2025-05-31","38.87251","-98.80928","568.1","RUSSELL MUNICIPAL AIRPORT, KS US","  70.1","24","  54.6","24","1014.0","24","948.8","21"," 10.0","24","  8.4","24"," 14.0"," 19.0","  86.0"," ","  57.0"," "," 0.00","G","999.9","000000"
"72458593997","2025-06-01","38.87251","-98.80928","568.1","RUSSELL MUNICIPAL AIRPORT, KS US","  69.4","24","  51.1","24","1012.1","24","947.2","18","  8.6","24","  4.1","23","  8.9","999.9","  84.0"," ","  52.0"," "," 0.00","G","999.9","000000"
"72458593997","2025-06-02","38.87251","-98.80928","568.1","RUSSELL MUNICIPAL AIRPORT, KS US","  74.3","24","  58.4","24","1009.0","24","944.2","23"," 10.0","24"," 13.1","24"," 22.0"," 28.9","  89.1"," ","  62.1"," "," 0.00","G","999.9","010000"
"72458593997","2025-06-03","38.87251","-98.80928","568.1","RUSSELL MUNICIPAL AIRPORT, KS US","  64.9","24","  58.7","24","1006.0","17","942.7","21","  7.8","24"," 13.2","24"," 25.1"," 35.0","  84.9"," ","  54.0"," "," 0.01","G","999.9","010000"
"72458593997","2025-06-04","38.87251","-98.80928","568.1","RUSSELL MUNICIPAL AIRPORT, KS US","  56.9","24","  47.7","24","1017.3","24","950.9","23","  9.5","23","  6.2","24"," 15.0","999.9","  68.0"," ","  46.0"," "," 0.35","G","999.9","010000"
"72458593997","2025-06-05","38.87251","-98.80928","568.1","RUSSELL MUNICIPAL AIRPORT, KS US","  62.1","24","  55.5","24","1016.4","23","950.4","23","  9.1","24","  5.2","24"," 11.1","999.9","  73.0"," ","  55.0"," "," 0.00","G","999.9","010000"
"72458593997","2025-06-06","38.87251","-98.80928","568.1","RUSSELL MUNICIPAL AIRPORT, KS US","  66.0","24","  61.7","24","1014.3","16","948.7","24","  7.2","24","  6.9","24"," 11.1","999.9","  73.0"," ","  62.1"," "," 0.03","G","999.9","000000"
"72458593997","2025-06-07","38.87251","-98.80928","568.1","RUSSELL MUNICIPAL AIRPORT, KS US","  72.1","23","  58.4","23","1010.8","22","945.7","22","  9.0","23","  8.0","23"," 15.0"," 21.0","  86.0"," ","  60.1"," "," 0.01","G","999.9","000000"
"72458593997","2025-06-08","38.87251","-98.80928","568.1","RUSSELL MUNICIPAL AIRPORT, KS US","  69.2","24","  53.0","24","1010.8","22","946.1","23","  9.5","24","  9.6","24"," 21.0"," 31.1","  84.9"," ","  59.0"," "," 0.00","G","999.9","010010"
"72458593997","2025-06-09","38.87251","-98.80928","568.1","RUSSELL MUNICIPAL AIRPORT, KS US","  68.7","24","  45.7","24","1012.7","24","947.4","23"," 10.0","24","  9.0","24"," 18.1"," 28.0","  84.0"," ","  54.0"," "," 0.03","G","999.9","000000"
"72458593997","2025-06-10","38.87251","-98.80928","568.1","RUSSELL MUNICIPAL AIRPORT, KS US","  74.0","23","  45.8","23","1012.8","23","947.7","22"," 10.0","23","  5.5","22"," 11.1"," 19.0","  93.9"," ","  52.0"," "," 0.00","G","999.9","000000"
"72458593997","2025-06-11","38.87251","-98.80928","568.1","RUSSELL MUNICIPAL AIRPORT, KS US","  77.2","24","  55.9","24","1013.0","24","948.3","23"," 10.0","24"," 11.6","24"," 19.0"," 28.9","  91.9"," ","  61.0"," "," 0.00","G","999.9","000000"
"72458593997","2025-06-12","38.87251","-98.80928","568.1","RUSSELL MUNICIPAL AIRPORT, KS US","  72.6","24","  60.3","24","1012.0","21","947.3","23","  8.9","24"," 10.9","24"," 15.0"," 21.0","  86.0"," ","  59.0"," "," 0.00","G","999.9","100000"
"72458593997","2025-06-13","38.87251","-98.80928","568.1","RUSSELL MUNICIPAL AIRPORT, KS US","  75.1","24","  63.6","24","1010.5","21","945.8","23","  9.0","24","  7.6","24"," 13.0"," 22.0","  90.0"," ","  62.1"," "," 0.00","G","999.9","100000"
"72458593997","2025-06-14","38.87251","-98.80928","568.1","RUSSELL MUNICIPAL AIRPORT, KS US","  73.8","24","  63.6","24","1012.2","22","947.6","23","  9.8","24","  8.4","24"," 19.0"," 33.0","  87.1"," ","  64.9"," "," 0.00","G","999.9","010000"
"72458593997","2025-06-15","38.87251","-98.80928","568.1","RUSSELL MUNICIPAL AIRPORT, KS US","  75.9","24","  64.6","24","1014.8","21","949.8","23","  8.9","24","  8.2","24"," 13.0"," 20.0","  91.0"," ","  61.0"," "," 0.19","G","999.9","100000"
"72458593997","2025-06-16","38.87251","-98.80928","568.1","RUSSELL MUNICIPAL AIRPORT, KS US","  78.2","24","  63.3","24","1012.2","24","947.5","23"," 10.0","24"," 11.4","24"," 22.0"," 29.9","  93.0"," ","  63.0"," "," 0.00","G","999.9","000000"
"72458593997","2025-06-17","38.87251","-98.80928","568.1","RUSSELL MUNICIPAL AIRPORT, KS US","  72.2","24","  62.5","24","1008.2","17","944.0","24","  9.1","24"," 16.5","24"," 44.1"," 58.1","  91.0"," ","  62.1"," "," 2.15","G","999.9","110010"
"72458593997","2025-06-18","38.87251","-98.80928","568.1","RUSSELL MUNICIPAL AIRPORT, KS US","  71.5","24","  61.3","24","1010.7","24","945.8","23"," 10.0","24","  7.9","24"," 13.0"," 22.0","  84.0"," ","  62.1"," "," 0.06","G","999.9","000000"
"72458593997","2025-06-19","38.87251","-98.80928","568.1","RUSSELL MUNICIPAL AIRPORT, KS US","  76.8","24","  62.9","24","1014.0","24","949.1","23"," 10.0","24"," 10.9","24"," 22.0"," 29.9","  93.9"," ","  62.1"," "," 0.00","G","999.9","000000"
"72458593997","2025-06-20","38.87251","-98.80928","568.1","RUSSELL MUNICIPAL AIRPORT, KS US","  86.6","24","  66.8","24","1006.7","24","942.7","23"," 10.0","24"," 21.2","24"," 28.9"," 42.0","  98.1"," ","  77.0"," "," 0.00","G","999.9","000000"
"72458593997","2025-06-21","38.87251","-98.80928","568.1","RUSSELL MUNICIPAL AIRPORT, KS US","  87.3","24","  66.2","24","1002.2","24","938.7","23"," 10.0","24"," 24.5","24"," 31.1"," 47.0","  97.0"," ","  78.1"," "," 0.00","G","999.9","000000"
"72458593997","2025-06-22","38.87251","-98.80928","568.1","RUSSELL MUNICIPAL AIRPORT, KS US","  85.0","24","  66.2","24","1004.9","24","941.2","23"," 10.0","24"," 26.3","24"," 32.1"," 42.9","  93.9"," ","  75.0"," "," 0.00","G","999.9","000000"
"72458593997","2025-06-23","38.87251","-98.80928","568.1","RUSSELL MUNICIPAL AIRPORT, KS US","  83.8","24","  65.8","24","1010.3","22","946.4","23"," 10.0","24"," 18.6","24"," 27.0"," 41.0","  95.0"," ","  73.9"," "," 0.00","G","999.9","010010"
"72458593997","2025-06-24","38.87251","-98.80928","568.1","RUSSELL MUNICIPAL AIRPORT, KS US","  74.6","24","  69.0","24","1017.2","21","952.0","24","  9.4","24","  7.2","24"," 15.9"," 29.9","  87.1"," ","  70.0"," "," 0.07","G","999.9","010000"
"72458593997","2025-06-25","38.87251","-98.80928","568.1","RUSSELL MUNICIPAL AIRPORT, KS US","  79.7","24","  68.0","24","1015.0","23","950.1","23","  9.9","24"," 13.8","24"," 22.0"," 32.1","  93.9"," ","  70.0"," "," 0.14","G","999.9","010000"
"72458593997","2025-06-26","38.87251","-98.80928","568.1","RUSSELL MUNICIPAL AIRPORT, KS US","  82.0","24","  66.1","24","1010.9","24","946.6","23"," 10.0","24"," 10.5","24"," 19.0"," 26.0","  93.0"," ","  73.9"," "," 0.00","G","999.9","000000"
"72458593997","2025-06-27","38.87251","-98.80928","568.1","RUSSELL MUNICIPAL AIRPORT, KS US","  82.0","24","  65.7","24","1011.9","24","947.5","23"," 10.0","24","  7.6","24"," 12.0"," 21.0","  95.0"," ","  69.1"," "," 0.00","G","999.9","000000"
"72458593997","2025-06-28","38.87251","-98.80928","568.1","RUSSELL MUNICIPAL AIRPORT, KS US","  83.2","24","  66.8","24","1011.3","24","946.9","23"," 10.0","24"," 11.8","24"," 17.1"," 22.9","  99.0"," ","  70.0"," "," 0.00","G","999.9","000000"
"72458593997","2025-06-29","38.87251","-98.80928","568.1","RUSSELL MUNICIPAL AIRPORT, KS US","  85.2","24","  63.3","24","1009.5","23","945.5","23"," 10.0","24","  9.5","24"," 13.0"," 17.1","  97.0"," ","  71.1"," "," 0.00","G","999.9","000000"
"72458593997","2025-06-30","38.87251","-98.80928","568.1","RUSSELL MUNICIPAL AIRPORT, KS US","  77.4","24","  65.2","24","1014.1","20","949.8","23"," 10.0","24"," 11.0","24"," 35.9"," 51.1","  91.9","*","  64.4","*"," 1.07","G","999.9","110010"
"72458593997","2025-07-01","38.87251","-98.80928","568.1","RUSSELL MUNICIPAL AIRPORT, KS US","  77.0","24","  59.1","24","1018.5","24","953.3","24"," 10.0","24","  5.0","24"," 11.1","999.9","  90.0"," ","  64.0"," "," 0.00","I","999.9","000000"
"72458593997","2025-07-02","38.87251","-98.80928","568.1","RUSSELL MUNICIPAL AIRPORT, KS US","  80.0","24","  61.0","24","1014.3","24","949.6","23"," 10.0","24"," 11.1","24"," 15.0"," 22.9","  93.0"," ","  66.9"," "," 0.00","G","999.9","000000"
"72458593997","2025-07-03","38.87251","-98.80928","568.1","RUSSELL MUNICIPAL AIRPORT, KS US","  81.3","24","  66.2","24","1012.5","24","948.1","23"," 10.0","24"," 12.0","24"," 20.0"," 29.9","  93.0"," ","  68.0"," "," 0.00","G","999.9","000000"
"72458593997","2025-07-04","38.87251","-98.80928","568.1","RUSSELL MUNICIPAL AIRPORT, KS US","  77.2","24","  68.0","24","1011.9","20","947.5","23","  9.9","24"," 14.1","24"," 19.0"," 28.9","  88.0"," ","  68.0"," "," 0.00","G","999.9","000000"
"72458593997","2025-07-05","38.87251","-98.80928","568.1","RUSSELL MUNICIPAL AIRPORT, KS US","  80.9","24","  69.0","24","1012.2","22","947.7","23"," 10.0","24","  8.9","24"," 15.9"," 25.1","  95.0"," ","  70.0"," "," 0.01","G","999.9","010010"
"72458593997","2025-07-06","38.87251","-98.80928","568.1","RUSSELL MUNICIPAL AIRPORT, KS US","  81.9","24","  65.8","24","1013.7","21","949.1","24"," 10.0","24","  7.8","24"," 15.0"," 21.0","  93.9"," ","  70.0"," ","99.99"," ","999.9","010010"
"72458593997","2025-07-07","38.87251","-98.80928","568.1","RUSSELL MUNICIPAL AIRPORT, KS US","  79.5","24","  64.6","24","1014.5","23","949.9","23"," 10.0","24","  5.8","24"," 13.0"," 20.0","  93.0"," ","  68.0"," "," 0.00","G","999.9","000000"
"72458593997","2025-07-08","38.87251","-98.80928","568.1","RUSSELL MUNICIPAL AIRPORT, KS US","  82.3","24","  65.0","24","1015.7","23","951.2","23"," 10.0","24","  8.6","23"," 21.0"," 31.1","  98.1"," ","  68.0"," "," 0.00","G","999.9","000000"
"72458593997","2025-07-09","38.87251","-98.80928","568.1","RUSSELL MUNICIPAL AIRPORT, KS US","  83.6","24","  64.9","24","1015.0","24","950.4","23"," 10.0","24"," 10.0","24"," 15.9"," 22.9","  99.0"," ","  69.1"," "," 0.00","G","999.9","000000"
"72458593997","2025-07-10","38.87251","-98.80928","568.1","RUSSELL MUNICIPAL AIRPORT, KS US","  85.7","24","  64.8","24","1009.5","24","945.4","23"," 10.0","24"," 16.4","24"," 26.0"," 36.9"," 100.9"," ","  73.0"," "," 0.00","G","999.9","000000"
"72458593997","2025-07-11","38.87251","-98.80928","568.1","RUSSELL MUNICIPAL AIRPORT, KS US","  83.1","24","  61.6","24","1008.2","24","944.2","24"," 10.0","24"," 10.6","23"," 15.9"," 29.9","  93.0"," ","  72.0"," "," 0.00","G","999.9","000000"
"72458593997","2025-07-12","38.87251","-98.80928","568.1","RUSSELL MUNICIPAL AIRPORT, KS US","  70.9","24","  61.8","24","1015.8","23","950.9","23","  9.7","24","  8.5","24"," 26.0"," 39.0","  88.0"," ","  64.0"," "," 0.30","G","999.9","010000"
"72458593997","2025-07-13","38.87251","-98.80928","568.1","RUSSELL MUNICIPAL AIRPORT, KS US","  73.3","24","  58.2","24","1016.1","24","950.7","23"," 10.0","24","  4.0","23","  8.0","999.9","  91.0"," ","  57.9"," "," 0.01","G","999.9","000000"
"72458593997","2025-07-14","38.87251","-98.80928","568.1","RUSSELL MUNICIPAL AIRPORT, KS US","  80.4","24","  58.5","24","1015.2","24","950.4","23","  9.9","24","  7.0","24"," 15.0"," 22.0","  95.0"," ","  64.0"," "," 0.00","G","999.9","000000"
"72458593997","2025-07-15","38.87251","-98.80928","568.1","RUSSELL MUNICIPAL AIRPORT, KS US","  82.4","24","  63.6","24","1011.3","23","946.9","23"," 10.0","24"," 12.6","24"," 22.0"," 31.1","  97.0"," ","  69.1"," "," 0.00","G","999.9","000000"
"72458593997","2025-07-16","38.87251","-98.80928","568.1","RUSSELL MUNICIPAL AIRPORT, KS US","  82.8","24","  65.9","24","1008.8","24","944.8","23"," 10.0","24"," 10.2","24"," 18.1"," 25.1","  95.0"," ","  71.1"," "," 0.00","G","999.9","000000"
"72458593997","2025-07-17","38.87251","-98.80928","568.1","RUSSELL MUNICIPAL AIRPORT, KS US","  68.5","24","  64.3","24","1015.5","11","950.7","24","  7.9","24","  9.9","24"," 17.1"," 24.1","  84.0"," ","  63.0"," "," 0.13","G","999.9","010010"
"72458593997","2025-07-18","38.87251","-98.80928","568.1","RUSSELL MUNICIPAL AIRPORT, KS US","  70.2"," 6","  65.7"," 6","1016.2"," 6","950.7"," 6"," 10.0"," 6","  8.3"," 6","  9.9","999.9","  71.1","*","  70.0","*"," 0.00","I","999.9","000000"
