"STATION","DATE","LATITUDE","LONGITUDE","ELEVATION","NAME","TEMP","TEMP_ATTRIBUTES","DEWP","DEWP_ATTRIBUTES","SLP","SLP_ATTRIBUTES","STP","STP_ATTRIBUTES","VISIB","VISIB_ATTRIBUTES","WDSP","WDSP_ATTRIBUTES","MXSPD","GUST","MAX","MAX_ATTRIBUTES","MIN","MIN_ATTRIBUTES","PRCP","PRCP_ATTRIBUTES","SNDP","FRSHTT"
"72743604863","2025-01-01","44.98639","-85.20306","189.0","BELLAIRE ANTRIM CO AIRPORT, MI US","  33.2","24","  29.1","24","9999.9"," 0","989.4","19","  8.3","24","  1.3","24","  7.0","999.9","  34.7"," ","  29.8"," ","99.99"," ","999.9","001000"
"72743604863","2025-01-02","44.98639","-85.20306","189.0","BELLAIRE ANTRIM CO AIRPORT, MI US","  26.9","24","  22.2","24","9999.9"," 0","994.9","24","  7.5","24","  3.5","24","  8.0"," 14.0","  30.0"," ","  25.2"," ","99.99"," ","999.9","001000"
"72743604863","2025-01-03","44.98639","-85.20306","189.0","BELLAIRE ANTRIM CO AIRPORT, MI US","  24.1","24","  18.6","24","9999.9"," 0","995.2","24","  5.9","24","  4.0","24","  8.0"," 17.1","  25.7"," ","  20.8"," ","99.99"," ","999.9","001000"
"72743604863","2025-01-04","44.98639","-85.20306","189.0","BELLAIRE ANTRIM CO AIRPORT, MI US","  19.8","24","  12.8","24","9999.9"," 0","997.4","24","  6.4","24","  6.1","24","  9.9"," 20.0","  21.9"," ","  18.1"," ","99.99"," ","999.9","001000"
"72743604863","2025-01-05","44.98639","-85.20306","189.0","BELLAIRE ANTRIM CO AIRPORT, MI US","  21.7","24","  14.7","24","9999.9"," 0","997.7","24","  8.6","24","  4.6","24","  8.0"," 20.0","  24.4"," ","  18.9"," ","99.99"," ","999.9","001000"
"72743604863","2025-01-06","44.98639","-85.20306","189.0","BELLAIRE ANTRIM CO AIRPORT, MI US","  18.9","24","  14.3","24","9999.9"," 0","998.9","24","  9.4","24","  3.9","24","  9.9"," 14.0","  24.6"," ","  11.7"," ","99.99"," ","999.9","001000"
"72743604863","2025-01-07","44.98639","-85.20306","189.0","BELLAIRE ANTRIM CO AIRPORT, MI US","  23.2","24","  15.0","24","9999.9"," 0","003.4","24","  8.8","24","  3.3","24","  7.0"," 15.0","  24.3"," ","  21.4"," ","99.99"," ","999.9","001000"
"72743604863","2025-01-08","44.98639","-85.20306","189.0","BELLAIRE ANTRIM CO AIRPORT, MI US","  17.1","24","   8.9","24","9999.9"," 0","003.5","24","  9.3","24","  4.4","24","  7.0","999.9","  21.2"," ","   5.2"," ","99.99"," ","999.9","001000"
"72743604863","2025-01-09","44.98639","-85.20306","189.0","BELLAIRE ANTRIM CO AIRPORT, MI US","   8.8","24","   3.9","24","9999.9"," 0","000.7","24","  9.9","24","  1.1","24","  8.0","999.9","  24.8"," ","  -4.4"," ","99.99"," ","999.9","001000"
"72743604863","2025-01-10","44.98639","-85.20306","189.0","BELLAIRE ANTRIM CO AIRPORT, MI US","  24.6","24","  18.8","24","9999.9"," 0","991.5","24","  8.0","24","  5.0","24","  8.0","999.9","  26.8"," ","  21.2"," ","99.99"," ","999.9","001000"
"72743604863","2025-01-11","44.98639","-85.20306","189.0","BELLAIRE ANTRIM CO AIRPORT, MI US","  26.6","24","  25.0","24","9999.9"," 0","982.0","24","  5.2","24","  0.5","24","  4.1","999.9","  31.5"," ","  21.2"," ","99.99"," ","999.9","001000"
"72743604863","2025-01-12","44.98639","-85.20306","189.0","BELLAIRE ANTRIM CO AIRPORT, MI US","  26.5","24","  24.0","24","9999.9"," 0","986.2","24","  8.3","24","  4.1","24","  9.9"," 17.1","  30.2"," ","  17.4"," ","99.99"," ","999.9","001000"
"72743604863","2025-01-13","44.98639","-85.20306","189.0","BELLAIRE ANTRIM CO AIRPORT, MI US","  25.6","24","  21.3","24","9999.9"," 0","986.1","24","  7.6","24","  6.5","24"," 12.0"," 19.0","  32.0"," ","  16.3"," ","99.99"," ","999.9","001000"
"72743604863","2025-01-14","44.98639","-85.20306","189.0","BELLAIRE ANTRIM CO AIRPORT, MI US","  16.7","24","  11.6","24","9999.9"," 0","995.3","24","  5.5","24","  4.7","24","  8.9"," 15.0","  23.5"," ","  13.1"," ","99.99"," ","999.9","001000"
"72743604863","2025-01-15","44.98639","-85.20306","189.0","BELLAIRE ANTRIM CO AIRPORT, MI US","  20.7","24","  14.3","24","9999.9"," 0","001.8","24","  8.3","24","  4.3","24","  8.9"," 15.0","  22.5"," ","  18.5"," ","99.99"," ","999.9","001000"
"72743604863","2025-01-16","44.98639","-85.20306","189.0","BELLAIRE ANTRIM CO AIRPORT, MI US","  27.5","24","  23.2","24","9999.9"," 0","984.9","24","  8.5","24","  4.9","24","  9.9"," 18.1","  34.9"," ","  21.2"," ","99.99"," ","999.9","001000"
"72743604863","2025-01-17","44.98639","-85.20306","189.0","BELLAIRE ANTRIM CO AIRPORT, MI US","  29.4","24","  22.9","24","9999.9"," 0","984.7","24","  9.5","24","  5.2","24"," 14.0"," 20.0","  41.4"," ","  14.9"," "," 0.00","I","999.9","100000"
"72743604863","2025-01-18","44.98639","-85.20306","189.0","BELLAIRE ANTRIM CO AIRPORT, MI US","  29.4","24","  20.4","24","9999.9"," 0","982.7","24","  9.3","24","  5.7","24","  8.9"," 26.0","  40.8"," ","  19.4"," ","99.99"," ","999.9","011000"
"72743604863","2025-01-19","44.98639","-85.20306","189.0","BELLAIRE ANTRIM CO AIRPORT, MI US","  13.3","24","   7.7","24","9999.9"," 0","995.3","24","  5.0","24","  2.1","24","  8.9","999.9","  19.4"," ","  10.0"," ","99.99"," ","999.9","001000"
"72743604863","2025-01-20","44.98639","-85.20306","189.0","BELLAIRE ANTRIM CO AIRPORT, MI US","   7.0","24","   2.1","24","9999.9"," 0","000.0","24","  3.2","24","  3.7","24","  8.9"," 15.9","  10.4"," ","   4.5"," ","99.99"," ","999.9","001000"
"72743604863","2025-01-21","44.98639","-85.20306","189.0","BELLAIRE ANTRIM CO AIRPORT, MI US","   3.9","24","  -2.7","24","9999.9"," 0","004.3","24","  5.0","24","  5.4","24","  8.9"," 18.1","   5.9"," ","  -0.0"," ","99.99"," ","999.9","001000"
"72743604863","2025-01-22","44.98639","-85.20306","189.0","BELLAIRE ANTRIM CO AIRPORT, MI US","   3.8","24","  -1.5","24","9999.9"," 0","998.0","24","  7.4","24","  6.6","24"," 13.0"," 22.0","  17.6"," "," -10.5"," ","99.99"," ","999.9","001000"
"72743604863","2025-01-23","44.98639","-85.20306","189.0","BELLAIRE ANTRIM CO AIRPORT, MI US","  19.3","24","  16.2","24","9999.9"," 0","993.1","24","  4.0","24","  3.2","24","  8.0"," 15.9","  23.0"," ","  16.3"," ","99.99"," ","999.9","001000"
"72743604863","2025-01-24","44.98639","-85.20306","189.0","BELLAIRE ANTRIM CO AIRPORT, MI US","  15.5","24","  11.2","24","9999.9"," 0","998.5","24","  8.9","24","  2.3","24","  7.0","999.9","  19.0"," ","   7.0"," ","99.99"," ","999.9","001000"
"72743604863","2025-01-25","44.98639","-85.20306","189.0","BELLAIRE ANTRIM CO AIRPORT, MI US","  21.7","23","  17.2","23","9999.9"," 0","991.1","23","  8.3","23","  5.3","23"," 11.1"," 19.0","  33.8","*","   2.3","*","99.99"," ","999.9","001000"
"72743604863","2025-01-26","44.98639","-85.20306","189.0","BELLAIRE ANTRIM CO AIRPORT, MI US","  26.6","24","  17.2","24","9999.9"," 0","995.5","24"," 10.0","24","  7.0","24"," 13.0"," 22.0","  32.9"," ","  21.9"," ","99.99"," ","999.9","001000"
"72743604863","2025-01-27","44.98639","-85.20306","189.0","BELLAIRE ANTRIM CO AIRPORT, MI US","  30.8","24","  19.9","24","9999.9"," 0","983.7","24","  8.8","24","  8.2","24"," 15.9"," 28.0","  34.0"," ","  26.2"," ","99.99"," ","999.9","001000"
"72743604863","2025-01-28","44.98639","-85.20306","189.0","BELLAIRE ANTRIM CO AIRPORT, MI US","  23.2","24","  16.6","24","9999.9"," 0","979.0","24","  8.2","24","  5.6","24"," 14.0"," 19.0","  35.8"," ","   8.8"," ","99.99"," ","999.9","001000"
"72743604863","2025-01-29","44.98639","-85.20306","189.0","BELLAIRE ANTRIM CO AIRPORT, MI US","  27.7","24","  20.7","24","9999.9"," 0","978.8","24","  7.6","24","  5.4","24"," 11.1"," 22.0","  38.7"," ","  20.5"," ","99.99"," ","999.9","011000"
"72743604863","2025-01-30","44.98639","-85.20306","189.0","BELLAIRE ANTRIM CO AIRPORT, MI US","  22.9","24","  14.8","24","9999.9"," 0","991.5","24"," 10.0","24","  2.4","24","  9.9"," 14.0","  47.7"," ","   3.6"," "," 0.00","I","999.9","000000"
"72743604863","2025-01-31","44.98639","-85.20306","189.0","BELLAIRE ANTRIM CO AIRPORT, MI US","  27.9","18","  22.5","18","9999.9"," 0","988.3","15","  9.3","18","  3.8","18","  9.9"," 19.0","  37.4","*","  13.8","*"," 0.00","I","999.9","100000"
"72743604863","2025-02-01","44.98639","-85.20306","189.0","BELLAIRE ANTRIM CO AIRPORT, MI US","  17.5","24","   7.0","24","9999.9"," 0","005.7","17"," 10.0","24","  4.8","24","  9.9"," 15.9","  28.4"," ","   6.8"," "," 0.00","I","999.9","000000"
"72743604863","2025-02-02","44.98639","-85.20306","189.0","BELLAIRE ANTRIM CO AIRPORT, MI US","  22.3","24","  15.2","24","9999.9"," 0","997.7","24","  8.1","24","  5.5","24","  8.9"," 17.1","  28.9"," ","  17.2"," ","99.99"," ","999.9","001000"
"72743604863","2025-02-03","44.98639","-85.20306","189.0","BELLAIRE ANTRIM CO AIRPORT, MI US","  30.2","24","  28.8","24","9999.9"," 0","991.6","24","  5.4","24","  2.3","24","  6.0","999.9","  32.9"," ","  21.2"," ","99.99"," ","999.9","001000"
"72743604863","2025-02-04","44.98639","-85.20306","189.0","BELLAIRE ANTRIM CO AIRPORT, MI US","  20.2","24","  14.9","24","9999.9"," 0","001.9","24","  9.8","24","  2.5","24","  8.0"," 17.1","  24.4"," ","  16.7"," ","99.99"," ","999.9","001000"
"72743604863","2025-02-05","44.98639","-85.20306","189.0","BELLAIRE ANTRIM CO AIRPORT, MI US","  17.8","24","  11.2","24","9999.9"," 0","007.4","24"," 10.0","24","  1.1","24","  6.0","999.9","  24.4"," ","   9.9"," ","99.99"," ","999.9","001000"
"72743604863","2025-02-06","44.98639","-85.20306","189.0","BELLAIRE ANTRIM CO AIRPORT, MI US","  23.7","24","  17.2","24","9999.9"," 0","986.6","24","  8.9","24","  4.8","24"," 17.1"," 39.0","  33.8"," ","  12.6"," ","99.99"," ","999.9","001000"
"72743604863","2025-02-07","44.98639","-85.20306","189.0","BELLAIRE ANTRIM CO AIRPORT, MI US","  19.1","24","  10.1","24","9999.9"," 0","994.5","24","  8.3","24","  7.6","24"," 14.0"," 24.1","  27.7"," ","  15.4"," ","99.99"," ","999.9","001000"
"72743604863","2025-02-08","44.98639","-85.20306","189.0","BELLAIRE ANTRIM CO AIRPORT, MI US","  16.5","24","  14.2","24","9999.9"," 0","998.2","24","  7.3","24","  0.4","24","  4.1","999.9","  25.2"," ","   8.4"," ","99.99"," ","999.9","001000"
"72743604863","2025-02-09","44.98639","-85.20306","189.0","BELLAIRE ANTRIM CO AIRPORT, MI US","  22.2","24","  17.4","24","9999.9"," 0","997.4","24","  6.1","24","  3.2","24","  8.0","999.9","  24.8"," ","  19.2"," ","99.99"," ","999.9","001000"
"72743604863","2025-02-10","44.98639","-85.20306","189.0","BELLAIRE ANTRIM CO AIRPORT, MI US","  20.8","24","  12.5","24","9999.9"," 0","004.7","24","  9.4","24","  4.2","24","  8.9"," 15.9","  24.8"," ","  18.1"," ","99.99"," ","999.9","001000"
"72743604863","2025-02-11","44.98639","-85.20306","189.0","BELLAIRE ANTRIM CO AIRPORT, MI US","  18.0","24","  10.9","24","9999.9"," 0","003.9","24","  6.8","24","  3.1","24","  9.9"," 18.1","  24.3"," ","  12.6"," ","99.99"," ","999.9","001000"
"72743604863","2025-02-12","44.98639","-85.20306","189.0","BELLAIRE ANTRIM CO AIRPORT, MI US","   7.3","24","   3.5","24","9999.9"," 0","000.0","24","  8.2","24","  1.5","24","  9.9"," 14.0","  22.6"," ","  -7.8"," ","99.99"," ","999.9","001000"
"72743604863","2025-02-13","44.98639","-85.20306","189.0","BELLAIRE ANTRIM CO AIRPORT, MI US","  18.3","24","  15.4","24","9999.9"," 0","991.8","24","  5.2","24","  2.9","24","  8.0"," 15.0","  23.7"," ","   7.5"," ","99.99"," ","999.9","001000"
"72743604863","2025-02-14","44.98639","-85.20306","189.0","BELLAIRE ANTRIM CO AIRPORT, MI US","  17.9","24","   8.9","24","9999.9"," 0","007.9","24","  9.2","24","  4.5","24","  8.0","999.9","  23.5"," ","   8.4"," ","99.99"," ","999.9","001000"
"72743604863","2025-02-15","44.98639","-85.20306","189.0","BELLAIRE ANTRIM CO AIRPORT, MI US","  21.7","24","  17.0","24","9999.9"," 0","998.1","24","  4.4","24","  3.1","24","  6.0","999.9","  26.6"," ","  18.5"," ","99.99"," ","999.9","001000"
"72743604863","2025-02-16","44.98639","-85.20306","189.0","BELLAIRE ANTRIM CO AIRPORT, MI US","  22.7","24","  18.6","24","9999.9"," 0","986.5","24","  6.8","24","  5.8","24","  9.9"," 15.0","  26.4"," ","  18.5"," ","99.99"," ","999.9","001000"
"72743604863","2025-02-17","44.98639","-85.20306","189.0","BELLAIRE ANTRIM CO AIRPORT, MI US","  14.2","24","   8.1","24","9999.9"," 0","992.6","24","  4.1","24","  6.0","24"," 11.1"," 20.0","  20.3"," ","  10.9"," ","99.99"," ","999.9","001000"
"72743604863","2025-02-18","44.98639","-85.20306","189.0","BELLAIRE ANTRIM CO AIRPORT, MI US","  13.2","24","   3.7","24","9999.9"," 0","002.7","24","  8.7","24","  4.6","24","  9.9"," 17.1","  15.8"," ","   8.4"," ","99.99"," ","999.9","001000"
"72743604863","2025-02-19","44.98639","-85.20306","189.0","BELLAIRE ANTRIM CO AIRPORT, MI US","  16.3","24","   8.9","24","9999.9"," 0","006.6","24","  9.9","24","  1.8","24","  5.1","999.9","  18.5"," ","  13.5"," ","99.99"," ","999.9","001000"
"72743604863","2025-02-20","44.98639","-85.20306","189.0","BELLAIRE ANTRIM CO AIRPORT, MI US","  14.3","24","   9.6","24","9999.9"," 0","003.5","24","  7.2","24","  2.3","24","  8.0"," 14.0","  23.9"," ","   8.8"," ","99.99"," ","999.9","001000"
"72743604863","2025-02-21","44.98639","-85.20306","189.0","BELLAIRE ANTRIM CO AIRPORT, MI US","  24.3","24","  15.0","24","9999.9"," 0","007.9","24"," 10.0","24","  3.0","24","  7.0"," 15.0","  31.5"," ","  18.1"," ","99.99"," ","999.9","001000"
"72743604863","2025-02-22","44.98639","-85.20306","189.0","BELLAIRE ANTRIM CO AIRPORT, MI US","  25.6","24","  17.0","24","9999.9"," 0","998.0","24"," 10.0","24","  7.3","24"," 11.1"," 20.0","  30.2"," ","  22.8"," ","99.99"," ","999.9","001000"
"72743604863","2025-02-23","44.98639","-85.20306","189.0","BELLAIRE ANTRIM CO AIRPORT, MI US","  26.1","23","  23.0","23","9999.9"," 0","993.8","23","  6.7","23","  1.9","23","  7.0"," 14.0","  32.5","*","  12.7","*","99.99"," ","999.9","001000"
"72743604863","2025-02-24","44.98639","-85.20306","189.0","BELLAIRE ANTRIM CO AIRPORT, MI US","  39.3","24","  30.4","24","9999.9"," 0","980.0","24","  9.7","24","  5.8","24","  9.9"," 18.1","  50.4"," ","  30.6"," ","99.99"," ","999.9","010000"
"72743604863","2025-02-25","44.98639","-85.20306","189.0","BELLAIRE ANTRIM CO AIRPORT, MI US","  34.0","24","  30.5","24","9999.9"," 0","982.5","24"," 10.0","24","  0.9","24","  5.1","999.9","  42.8"," ","  26.4"," "," 0.00","I","999.9","000000"
"72743604863","2025-02-26","44.98639","-85.20306","189.0","BELLAIRE ANTRIM CO AIRPORT, MI US","  31.2","24","  25.8","24","9999.9"," 0","989.2","24","  9.6","24","  0.5","24","  5.1","999.9","  48.4"," ","  17.8"," "," 0.00","I","999.9","000000"
"72743604863","2025-02-27","44.98639","-85.20306","189.0","BELLAIRE ANTRIM CO AIRPORT, MI US","  34.0","24","  31.3","24","9999.9"," 0","984.2","24","  9.2","24","  1.5","24","  7.0","999.9","  41.2"," ","  30.2"," ","99.99"," ","999.9","011000"
"72743604863","2025-02-28","44.98639","-85.20306","189.0","BELLAIRE ANTRIM CO AIRPORT, MI US","  32.1","24","  26.3","24","9999.9"," 0","979.6","22","  9.3","24","  5.6","24"," 15.9"," 22.0","  42.8","*","  19.0","*","99.99"," ","999.9","011000"
"72743604863","2025-03-01","44.98639","-85.20306","189.0","BELLAIRE ANTRIM CO AIRPORT, MI US","  18.0","24","  10.3","24","9999.9"," 0","991.7","19","  7.2","24","  8.0","24"," 18.1"," 28.9","  35.8"," ","   8.6"," ","99.99"," ","999.9","001000"
"72743604863","2025-03-02","44.98639","-85.20306","189.0","BELLAIRE ANTRIM CO AIRPORT, MI US","  20.3","24","  12.0","24","9999.9"," 0","999.5","24","  9.2","24","  1.7","24","  7.0","999.9","  27.9"," ","  17.1"," ","99.99"," ","999.9","001000"
"72743604863","2025-03-03","44.98639","-85.20306","189.0","BELLAIRE ANTRIM CO AIRPORT, MI US","  28.3","24","  15.9","24","9999.9"," 0","995.5","24"," 10.0","24","  3.3","24","  8.9"," 14.0","  45.5"," ","  20.1"," "," 0.00","I","999.9","000000"
"72743604863","2025-03-04","44.98639","-85.20306","189.0","BELLAIRE ANTRIM CO AIRPORT, MI US","  38.6","24","  30.5","24","9999.9"," 0","985.5","24","  9.6","24","  1.3","24","  7.0","999.9","  43.9"," ","  33.3"," ","99.99"," ","999.9","011000"
"72743604863","2025-03-05","44.98639","-85.20306","189.0","BELLAIRE ANTRIM CO AIRPORT, MI US","  41.3","24","  39.8","24","9999.9"," 0","968.4","24","  6.7","24","  3.3","24"," 12.0"," 18.1","  50.4"," ","  34.9"," ","99.99"," ","999.9","011000"
"72743604863","2025-03-06","44.98639","-85.20306","189.0","BELLAIRE ANTRIM CO AIRPORT, MI US","  26.1","24","  20.9","24","9999.9"," 0","976.3","24","  5.9","24","  7.3","24"," 14.0"," 24.1","  35.1"," ","  20.3"," ","99.99"," ","999.9","001000"
"72743604863","2025-03-07","44.98639","-85.20306","189.0","BELLAIRE ANTRIM CO AIRPORT, MI US","  31.0","24","  16.5","24","9999.9"," 0","986.3","24","  9.9","24","  4.9","24"," 11.1"," 21.0","  37.8"," ","  18.5"," ","99.99"," ","999.9","001000"
"72743604863","2025-03-08","44.98639","-85.20306","189.0","BELLAIRE ANTRIM CO AIRPORT, MI US","  25.8","24","  15.2","24","9999.9"," 0","990.0","24","  9.3","24","  3.3","24","  8.9"," 15.0","  34.7"," ","  19.6"," ","99.99"," ","999.9","001000"
"72743604863","2025-03-09","44.98639","-85.20306","189.0","BELLAIRE ANTRIM CO AIRPORT, MI US","  33.5","24","  23.3","24","9999.9"," 0","986.6","24"," 10.0","24","  3.6","24"," 14.0"," 21.0","  50.9"," ","  17.6"," "," 0.00","I","999.9","000000"
"72743604863","2025-03-10","44.98639","-85.20306","189.0","BELLAIRE ANTRIM CO AIRPORT, MI US","  41.2","24","  29.7","24","9999.9"," 0","982.8","23"," 10.0","24","  2.5","24","  9.9"," 18.1","  59.2"," ","  24.8"," "," 0.00","I","999.9","000000"
"72743604863","2025-03-11","44.98639","-85.20306","189.0","BELLAIRE ANTRIM CO AIRPORT, MI US","  40.1","24","  25.9","24","9999.9"," 0","982.4","24"," 10.0","24","  4.9","24"," 11.1"," 20.0","  54.5"," ","  28.4"," "," 0.00","I","999.9","000000"
"72743604863","2025-03-12","44.98639","-85.20306","189.0","BELLAIRE ANTRIM CO AIRPORT, MI US","  30.9","24","  19.0","24","9999.9"," 0","992.3","24"," 10.0","24","  2.7","24","  9.9","999.9","  44.8"," ","  20.7"," "," 0.00","I","999.9","000000"
"72743604863","2025-03-13","44.98639","-85.20306","189.0","BELLAIRE ANTRIM CO AIRPORT, MI US","  35.9","24","  22.5","24","9999.9"," 0","990.7","24"," 10.0","24","  0.4","24","  4.1","999.9","  53.1"," ","  23.0"," "," 0.00","I","999.9","000000"
"72743604863","2025-03-14","44.98639","-85.20306","189.0","BELLAIRE ANTRIM CO AIRPORT, MI US","  47.9","24","  33.2","24","9999.9"," 0","985.7","24"," 10.0","24","  3.9","24"," 12.0"," 18.1","  68.9"," ","  29.3"," "," 0.00","I","999.9","000000"
"72743604863","2025-03-15","44.98639","-85.20306","189.0","BELLAIRE ANTRIM CO AIRPORT, MI US","  62.1","24","  46.8","24","9999.9"," 0","969.9","24","  8.7","24"," 10.9","24"," 22.9"," 32.1","  68.9"," ","  55.4"," ","99.99"," ","999.9","010000"
"72743604863","2025-03-16","44.98639","-85.20306","189.0","BELLAIRE ANTRIM CO AIRPORT, MI US","  37.0","24","  31.7","24","9999.9"," 0","975.6","24","  7.1","24","  5.0","24","  9.9"," 19.0","  56.3"," ","  25.5"," ","99.99"," ","999.9","011000"
"72743604863","2025-03-17","44.98639","-85.20306","189.0","BELLAIRE ANTRIM CO AIRPORT, MI US","  26.8","24","  18.1","24","9999.9"," 0","994.6","24"," 10.0","24","  4.0","24"," 13.0"," 21.0","  42.3"," ","  12.0"," "," 0.00","I","999.9","000000"
"72743604863","2025-03-18","44.98639","-85.20306","189.0","BELLAIRE ANTRIM CO AIRPORT, MI US","  42.9","24","  31.0","24","9999.9"," 0","987.4","24"," 10.0","24","  3.5","24","  8.0","999.9","  51.8"," ","  34.0"," "," 0.00","I","999.9","000000"
"72743604863","2025-03-19","44.98639","-85.20306","189.0","BELLAIRE ANTRIM CO AIRPORT, MI US","  42.3","24","  33.6","24","9999.9"," 0","983.1","24","  9.7","24","  7.5","24"," 15.0"," 20.0","  48.6"," ","  36.5"," ","99.99"," ","999.9","011000"
"72743604863","2025-03-20","44.98639","-85.20306","189.0","BELLAIRE ANTRIM CO AIRPORT, MI US","  32.3","24","  29.3","24","9999.9"," 0","980.2","23","  6.3","24","  7.1","24"," 13.0"," 27.0","  36.9"," ","  29.3"," ","99.99"," ","999.9","011000"
"72743604863","2025-03-21","44.98639","-85.20306","189.0","BELLAIRE ANTRIM CO AIRPORT, MI US","  33.0","24","  25.1","24","9999.9"," 0","985.1","19"," 10.0","24","  4.2","24"," 12.0"," 21.0","  49.5"," ","  18.9"," "," 0.00","I","999.9","000000"
"72743604863","2025-03-22","44.98639","-85.20306","189.0","BELLAIRE ANTRIM CO AIRPORT, MI US","  29.7","24","  21.5","24","9999.9"," 0","986.7","14","  8.4","24","  5.2","24","  9.9"," 20.0","  48.2"," ","  21.7"," ","99.99"," ","999.9","011000"
"72743604863","2025-03-23","44.98639","-85.20306","189.0","BELLAIRE ANTRIM CO AIRPORT, MI US","  26.1","24","  14.9","24","9999.9"," 0","994.4","19"," 10.0","24","  3.6","24"," 12.0"," 22.0","  44.6"," ","  15.6"," "," 0.00","I","999.9","000000"
"72743604863","2025-03-24","44.98639","-85.20306","189.0","BELLAIRE ANTRIM CO AIRPORT, MI US","  33.0","24","  30.9","24","9999.9"," 0","976.2","16","  2.6","24","  5.1","24"," 13.0"," 22.9","  37.9"," ","  31.6"," ","99.99"," ","999.9","001000"
"72743604863","2025-03-25","44.98639","-85.20306","189.0","BELLAIRE ANTRIM CO AIRPORT, MI US","  30.9","24","  25.7","24","9999.9"," 0","990.1","21","  6.9","24","  5.6","24","  9.9"," 21.0","  32.9"," ","  28.9"," ","99.99"," ","999.9","001000"
"72743604863","2025-03-26","44.98639","-85.20306","189.0","BELLAIRE ANTRIM CO AIRPORT, MI US","  28.5","24","  20.8","24","9999.9"," 0","999.1","24"," 10.0","24","  1.3","24","  6.0","999.9","  36.0"," ","  19.4"," ","99.99"," ","999.9","001000"
"72743604863","2025-03-27","44.98639","-85.20306","189.0","BELLAIRE ANTRIM CO AIRPORT, MI US","  33.8","24","  25.3","24","9999.9"," 0","998.0","24"," 10.0","24","  2.2","24","  8.9"," 15.9","  51.1","*","  22.1","*"," 0.00","I","999.9","000000"
"72743604863","2025-03-28","44.98639","-85.20306","189.0","BELLAIRE ANTRIM CO AIRPORT, MI US","  37.1","24","  28.6","24","9999.9"," 0","993.3","24"," 10.0","24","  2.9","24","  8.9","999.9","  43.9"," ","  29.3"," "," 0.00","I","999.9","000000"
"72743604863","2025-03-29","44.98639","-85.20306","189.0","BELLAIRE ANTRIM CO AIRPORT, MI US","  34.9","23","  32.7","23","9999.9"," 0","989.3","23","  6.6","23","  6.2","23"," 14.0"," 29.9","  41.4"," ","  32.9"," ","99.99"," ","999.9","011000"
"72743604863","2025-03-30","44.98639","-85.20306","189.0","BELLAIRE ANTRIM CO AIRPORT, MI US","  34.0","24","  32.7","24","9999.9"," 0","987.1","23","  5.2","24","  5.8","24","  9.9"," 18.1","  35.8"," ","  32.9"," ","99.99"," ","999.9","011000"
"72743604863","2025-03-31","44.98639","-85.20306","189.0","BELLAIRE ANTRIM CO AIRPORT, MI US","  30.9","24","  27.9","24","9999.9"," 0","982.6","22","  6.7","24","  5.4","24","  9.9"," 18.1","  34.7"," ","  27.5"," ","99.99"," ","999.9","011000"
"72743604863","2025-04-01","44.98639","-85.20306","189.0","BELLAIRE ANTRIM CO AIRPORT, MI US","  27.8","24","  18.3","24","9999.9"," 0","000.2","20"," 10.0","24","  3.4","24"," 11.1"," 17.1","  38.3"," ","  18.1"," "," 0.00","I","999.9","000000"
"72743604863","2025-04-02","44.98639","-85.20306","189.0","BELLAIRE ANTRIM CO AIRPORT, MI US","  32.6","24","  25.2","24","9999.9"," 0","992.6","24","  9.0","24","  8.8","24"," 15.0"," 26.0","  39.7"," ","  28.9"," ","99.99"," ","999.9","011000"
"72743604863","2025-04-03","44.98639","-85.20306","189.0","BELLAIRE ANTRIM CO AIRPORT, MI US","  44.7","24","  37.4","24","9999.9"," 0","981.2","24"," 10.0","24","  7.2","24"," 15.0"," 25.1","  50.9"," ","  39.7"," ","99.99"," ","999.9","010000"
"72743604863","2025-04-04","44.98639","-85.20306","189.0","BELLAIRE ANTRIM CO AIRPORT, MI US","  37.4","24","  29.0","24","9999.9"," 0","002.1","24"," 10.0","24","  1.6","24","  7.0","999.9","  51.8"," ","  24.8"," "," 0.00","I","999.9","000000"
"72743604863","2025-04-05","44.98639","-85.20306","189.0","BELLAIRE ANTRIM CO AIRPORT, MI US","  40.1","24","  33.6","24","9999.9"," 0","996.1","24"," 10.0","24","  1.8","24","  9.9"," 18.1","  45.1"," ","  36.5"," ","99.99"," ","999.9","010000"
"72743604863","2025-04-06","44.98639","-85.20306","189.0","BELLAIRE ANTRIM CO AIRPORT, MI US","  33.4","24","  22.6","24","9999.9"," 0","996.1","24"," 10.0","24","  1.8","24","  8.0","999.9","  44.1"," ","  22.6"," "," 0.00","I","999.9","000000"
"72743604863","2025-04-07","44.98639","-85.20306","189.0","BELLAIRE ANTRIM CO AIRPORT, MI US","  33.7","24","  20.8","24","9999.9"," 0","987.4","24","  8.6","24","  5.5","24"," 13.0"," 20.0","  41.9"," ","  25.2"," ","99.99"," ","999.9","011000"
"72743604863","2025-04-08","44.98639","-85.20306","189.0","BELLAIRE ANTRIM CO AIRPORT, MI US","  26.5","20","  13.8","20","9999.9"," 0","996.0","20","  9.7","20","  4.3","20","  8.0"," 19.0","  32.0"," ","  22.6"," ","99.99"," ","999.9","001000"
"72743604863","2025-04-09","44.98639","-85.20306","189.0","BELLAIRE ANTRIM CO AIRPORT, MI US","  42.4"," 4","  26.7"," 4","9999.9"," 0","996.5"," 4"," 10.0"," 4","  2.0"," 4","  5.1","999.9","  44.2"," ","  39.6"," "," 0.00","I","999.9","000000"
"72743604863","2025-04-10","44.98639","-85.20306","189.0","BELLAIRE ANTRIM CO AIRPORT, MI US","  38.9","24","  28.6","24","9999.9"," 0","998.0","24"," 10.0","24","  0.8","24","  6.0","999.9","  45.1"," ","  32.5"," "," 0.00","I","999.9","000000"
"72743604863","2025-04-11","44.98639","-85.20306","189.0","BELLAIRE ANTRIM CO AIRPORT, MI US","  36.8","24","  26.8","24","9999.9"," 0","000.6","24"," 10.0","24","  2.1","24","  9.9"," 17.1","  49.6"," ","  22.8"," "," 0.00","I","999.9","000000"
"72743604863","2025-04-12","44.98639","-85.20306","189.0","BELLAIRE ANTRIM CO AIRPORT, MI US","  38.8","24","  23.9","24","9999.9"," 0","999.2","24"," 10.0","24","  1.5","24","  7.0","999.9","  59.0"," ","  23.0"," "," 0.00","I","999.9","000000"
"72743604863","2025-04-13","44.98639","-85.20306","189.0","BELLAIRE ANTRIM CO AIRPORT, MI US","  49.9","24","  32.3","24","9999.9"," 0","992.3","24"," 10.0","24","  3.5","24"," 15.0"," 20.0","  65.5"," ","  38.7"," ","99.99"," ","999.9","010000"
"72743604863","2025-04-14","44.98639","-85.20306","189.0","BELLAIRE ANTRIM CO AIRPORT, MI US","  54.2","24","  38.4","24","9999.9"," 0","980.7","24"," 10.0","24","  6.6","24"," 13.0"," 24.1","  61.5"," ","  48.6"," ","99.99"," ","999.9","010000"
"72743604863","2025-04-15","44.98639","-85.20306","189.0","BELLAIRE ANTRIM CO AIRPORT, MI US","  37.7","24","  31.8","24","9999.9"," 0","982.3","24","  7.2","24","  7.4","24"," 12.0"," 28.9","  50.5"," ","  32.4"," ","99.99"," ","999.9","001000"
"72743604863","2025-04-16","44.98639","-85.20306","189.0","BELLAIRE ANTRIM CO AIRPORT, MI US","  36.7","24","  24.7","24","9999.9"," 0","994.6","24","  9.9","24","  5.6","24","  8.9"," 22.0","  43.7"," ","  32.2"," "," 0.00","I","999.9","000000"
"72743604863","2025-04-17","44.98639","-85.20306","189.0","BELLAIRE ANTRIM CO AIRPORT, MI US","  40.3","24","  24.1","24","9999.9"," 0","996.0","24"," 10.0","24","  3.3","24"," 14.0"," 20.0","  66.9"," ","  22.6"," "," 0.00","I","999.9","000000"
"72743604863","2025-04-18","44.98639","-85.20306","189.0","BELLAIRE ANTRIM CO AIRPORT, MI US","  56.9","24","  42.8","24","9999.9"," 0","984.5","24","  9.9","24","  6.9","24"," 14.0"," 24.1","  64.6"," ","  48.4"," ","99.99"," ","999.9","010000"
"72743604863","2025-04-19","44.98639","-85.20306","189.0","BELLAIRE ANTRIM CO AIRPORT, MI US","  43.8","24","  40.1","24","9999.9"," 0","989.6","24","  8.8","24","  3.4","24","  8.9"," 15.0","  57.2"," ","  37.8"," ","99.99"," ","999.9","010000"
"72743604863","2025-04-20","44.98639","-85.20306","189.0","BELLAIRE ANTRIM CO AIRPORT, MI US","  40.5","24","  29.6","24","9999.9"," 0","005.2","24"," 10.0","24","  2.2","24","  9.9"," 17.1","  59.7"," ","  26.6"," ","99.99"," ","999.9","010000"
"72743604863","2025-04-21","44.98639","-85.20306","189.0","BELLAIRE ANTRIM CO AIRPORT, MI US","  47.8","24","  38.7","24","9999.9"," 0","987.1","24","  9.0","24","  7.3","24"," 13.0"," 24.1","  56.7"," ","  39.6"," ","99.99"," ","999.9","010000"
"72743604863","2025-04-22","44.98639","-85.20306","189.0","BELLAIRE ANTRIM CO AIRPORT, MI US","  44.4","24","  32.7","24","9999.9"," 0","993.4","24"," 10.0","24","  4.5","24","  8.9"," 19.0","  56.7"," ","  36.1"," ","99.99"," ","999.9","010000"
"72743604863","2025-04-23","44.98639","-85.20306","189.0","BELLAIRE ANTRIM CO AIRPORT, MI US","  49.7","24","  36.1","24","9999.9"," 0","998.2","24"," 10.0","24","  1.6","24"," 11.1"," 18.1","  67.6"," ","  32.0"," ","99.99"," ","999.9","010000"
"72743604863","2025-04-24","44.98639","-85.20306","189.0","BELLAIRE ANTRIM CO AIRPORT, MI US","  53.9","24","  44.0","24","9999.9"," 0","998.3","24","  9.9","24","  2.0","24","  7.0","999.9","  61.5"," ","  46.9"," "," 0.00","I","999.9","000000"
"72743604863","2025-04-25","44.98639","-85.20306","189.0","BELLAIRE ANTRIM CO AIRPORT, MI US","  49.7","24","  41.6","24","9999.9"," 0","996.9","24"," 10.0","24","  3.8","24","  8.9"," 14.0","  61.5"," ","  42.8"," ","99.99"," ","999.9","010000"
"72743604863","2025-04-26","44.98639","-85.20306","189.0","BELLAIRE ANTRIM CO AIRPORT, MI US","  45.2","24","  38.5","24","9999.9"," 0","998.7","24","  9.8","24","  5.5","24","  8.0"," 17.1","  53.6"," ","  40.1"," ","99.99"," ","999.9","010000"
"72743604863","2025-04-27","44.98639","-85.20306","189.0","BELLAIRE ANTRIM CO AIRPORT, MI US","  43.8","24","  31.2","24","9999.9"," 0","003.7","24"," 10.0","24","  1.0","24","  6.0","999.9","  66.7"," ","  27.7"," "," 0.00","I","999.9","000000"
"72743604863","2025-04-28","44.98639","-85.20306","189.0","BELLAIRE ANTRIM CO AIRPORT, MI US","  55.8","24","  36.1","24","9999.9"," 0","996.6","24"," 10.0","24","  5.1","24"," 15.0"," 22.0","  76.6"," ","  36.0"," "," 0.00","I","999.9","000000"
"72743604863","2025-04-29","44.98639","-85.20306","189.0","BELLAIRE ANTRIM CO AIRPORT, MI US","  59.9","24","  46.9","24","9999.9"," 0","984.0","23","  9.6","24","  8.6","24"," 15.9"," 33.0","  74.5"," ","  37.0"," ","99.99"," ","999.9","010000"
"72743604863","2025-04-30","44.98639","-85.20306","189.0","BELLAIRE ANTRIM CO AIRPORT, MI US","  38.4","24","  28.8","24","9999.9"," 0","999.4","23"," 10.0","24","  2.1","24","  6.0","999.9","  55.4"," ","  26.4"," "," 0.00","I","999.9","000000"
"72743604863","2025-05-01","44.98639","-85.20306","189.0","BELLAIRE ANTRIM CO AIRPORT, MI US","  44.5","24","  38.9","24","9999.9"," 0","988.1","20","  7.6","24","  3.0","24","  8.0"," 14.0","  52.7"," ","  40.3"," ","99.99"," ","999.9","011000"
"72743604863","2025-05-02","44.98639","-85.20306","189.0","BELLAIRE ANTRIM CO AIRPORT, MI US","  41.8","24","  39.8","24","9999.9"," 0","985.3","24","  6.7","24","  2.1","24","  8.0","999.9","  46.2"," ","  39.6"," ","99.99"," ","999.9","010000"
"72743604863","2025-05-03","44.98639","-85.20306","189.0","BELLAIRE ANTRIM CO AIRPORT, MI US","  43.4","24","  38.0","24","9999.9"," 0","993.8","24"," 10.0","24","  1.4","24","  6.0","999.9","  50.9"," ","  39.4"," "," 0.00","I","999.9","000000"
"72743604863","2025-05-04","44.98639","-85.20306","189.0","BELLAIRE ANTRIM CO AIRPORT, MI US","  47.0","24","  34.9","24","9999.9"," 0","994.5","24","  8.8","24","  4.2","24"," 15.9"," 22.9","  68.2"," ","  30.2"," "," 0.00","I","999.9","100000"
"72743604863","2025-05-05","44.98639","-85.20306","189.0","BELLAIRE ANTRIM CO AIRPORT, MI US","  54.8","24","  39.0","24","9999.9"," 0","995.4","24"," 10.0","24","  4.3","24"," 11.1"," 15.9","  71.1"," ","  37.8"," ","99.99"," ","999.9","010000"
"72743604863","2025-05-06","44.98639","-85.20306","189.0","BELLAIRE ANTRIM CO AIRPORT, MI US","  53.1","24","  49.4","24","9999.9"," 0","992.7","24"," 10.0","24","  0.9","24","  5.1","999.9","  64.0"," ","  43.7"," ","99.99"," ","999.9","010000"
"72743604863","2025-05-07","44.98639","-85.20306","189.0","BELLAIRE ANTRIM CO AIRPORT, MI US","  51.4","24","  44.1","24","9999.9"," 0","995.5","24","  8.5","24","  2.3","24","  8.0"," 15.0","  63.7"," ","  38.5"," "," 0.00","I","999.9","100000"
"72743604863","2025-05-08","44.98639","-85.20306","189.0","BELLAIRE ANTRIM CO AIRPORT, MI US","  47.1","24","  30.1","24","9999.9"," 0","002.0","24"," 10.0","24","  4.8","24"," 11.1"," 15.0","  60.6"," ","  35.6"," "," 0.00","I","999.9","000000"
"72743604863","2025-05-09","44.98639","-85.20306","189.0","BELLAIRE ANTRIM CO AIRPORT, MI US","  46.1","24","  26.5","24","9999.9"," 0","001.2","24"," 10.0","24","  2.0","24","  7.0","999.9","  64.4"," ","  27.9"," "," 0.00","I","999.9","000000"
"72743604863","2025-05-10","44.98639","-85.20306","189.0","BELLAIRE ANTRIM CO AIRPORT, MI US","  51.2","24","  36.0","24","9999.9"," 0","997.8","24"," 10.0","24","  2.8","24","  8.9"," 18.1","  60.8"," ","  38.3"," "," 0.00","I","999.9","000000"
"72743604863","2025-05-11","44.98639","-85.20306","189.0","BELLAIRE ANTRIM CO AIRPORT, MI US","  51.0","24","  31.7","24","9999.9"," 0","004.1","24"," 10.0","24","  3.1","24"," 11.1"," 14.0","  74.5"," ","  31.3"," "," 0.00","I","999.9","000000"
"72743604863","2025-05-12","44.98639","-85.20306","189.0","BELLAIRE ANTRIM CO AIRPORT, MI US","  61.7","24","  39.4","24","9999.9"," 0","997.2","24"," 10.0","24","  1.0","24","  6.0","999.9","  85.5"," ","  40.3"," "," 0.00","I","999.9","000000"
"72743604863","2025-05-13","44.98639","-85.20306","189.0","BELLAIRE ANTRIM CO AIRPORT, MI US","  61.6","24","  52.7","24","9999.9"," 0","991.0","24","  9.7","24","  1.2","24","  7.0","999.9","  76.1"," ","  46.6"," ","99.99"," ","999.9","010000"
"72743604863","2025-05-14","44.98639","-85.20306","189.0","BELLAIRE ANTRIM CO AIRPORT, MI US","  64.6","24","  61.0","24","9999.9"," 0","987.0","24","  9.1","24","  1.4","24","  6.0","999.9","  75.0"," ","  55.8"," ","99.99"," ","999.9","010000"
"72743604863","2025-05-15","44.98639","-85.20306","189.0","BELLAIRE ANTRIM CO AIRPORT, MI US","  68.3","24","  60.1","24","9999.9"," 0","983.4","24","  5.7","24","  2.8","24"," 12.0"," 20.0","  84.4"," ","  55.0"," "," 0.00","I","999.9","100000"
"72743604863","2025-05-16","44.98639","-85.20306","189.0","BELLAIRE ANTRIM CO AIRPORT, MI US","  71.4","24","  54.3","24","9999.9"," 0","977.1","24","  9.9","24","  5.9","24"," 18.1"," 27.0","  83.8"," ","  55.2"," ","99.99"," ","999.9","010000"
"72743604863","2025-05-17","44.98639","-85.20306","189.0","BELLAIRE ANTRIM CO AIRPORT, MI US","  56.4","24","  51.8","24","9999.9"," 0","973.7","24","  8.2","24","  3.6","24"," 11.1"," 28.9","  78.3"," ","  50.2"," ","99.99"," ","999.9","010000"
"72743604863","2025-05-18","44.98639","-85.20306","189.0","BELLAIRE ANTRIM CO AIRPORT, MI US","  42.9","24","  41.9","24","9999.9"," 0","988.4","24","  6.2","24","  4.0","24","  8.0"," 14.0","  51.8"," ","  40.5"," ","99.99"," ","999.9","010000"
"72743604863","2025-05-19","44.98639","-85.20306","189.0","BELLAIRE ANTRIM CO AIRPORT, MI US","  44.4","24","  39.4","24","9999.9"," 0","997.4","24","  9.4","24","  2.8","24","  9.9"," 14.0","  59.7"," ","  38.3"," "," 0.00","I","999.9","000000"
"72743604863","2025-05-20","44.98639","-85.20306","189.0","BELLAIRE ANTRIM CO AIRPORT, MI US","  46.8","24","  31.3","24","9999.9"," 0","996.1","24"," 10.0","24","  6.7","24"," 17.1"," 24.1","  58.1"," ","  32.2"," "," 0.00","I","999.9","000000"
"72743604863","2025-05-21","44.98639","-85.20306","189.0","BELLAIRE ANTRIM CO AIRPORT, MI US","  51.9","24","  36.9","24","9999.9"," 0","988.4","24","  9.9","24","  7.0","24"," 15.0"," 22.0","  55.4"," ","  49.1"," ","99.99"," ","999.9","010000"
"72743604863","2025-05-22","44.98639","-85.20306","189.0","BELLAIRE ANTRIM CO AIRPORT, MI US","  50.2","24","  40.7","24","9999.9"," 0","988.2","24"," 10.0","24","  3.7","24"," 11.1"," 18.1","  55.9"," ","  45.0"," "," 0.00","I","999.9","000000"
"72743604863","2025-05-23","44.98639","-85.20306","189.0","BELLAIRE ANTRIM CO AIRPORT, MI US","  44.1","24","  40.0","24","9999.9"," 0","992.5","24","  7.7","24","  3.3","24","  8.9"," 20.0","  50.9"," ","  39.6"," ","99.99"," ","999.9","010000"
"72743604863","2025-05-24","44.98639","-85.20306","189.0","BELLAIRE ANTRIM CO AIRPORT, MI US","  48.7","24","  41.1","24","9999.9"," 0","998.7","24"," 10.0","24","  2.8","24","  8.0"," 15.0","  56.8"," ","  44.1"," "," 0.00","I","999.9","000000"
"72743604863","2025-05-25","44.98639","-85.20306","189.0","BELLAIRE ANTRIM CO AIRPORT, MI US","  47.5","24","  40.5","24","9999.9"," 0","002.6","24","  8.4","24","  2.1","24","  8.0","999.9","  59.7"," ","  33.6"," "," 0.00","I","999.9","100000"
"72743604863","2025-05-26","44.98639","-85.20306","189.0","BELLAIRE ANTRIM CO AIRPORT, MI US","  52.9","24","  41.9","24","9999.9"," 0","003.8","24","  9.4","24","  2.3","24"," 11.1"," 15.0","  73.6"," ","  36.7"," "," 0.00","I","999.9","100000"
"72743604863","2025-05-27","44.98639","-85.20306","189.0","BELLAIRE ANTRIM CO AIRPORT, MI US","  58.5","24","  40.6","24","9999.9"," 0","002.9","24"," 10.0","24","  1.9","24","  7.0"," 14.0","  74.3"," ","  38.5"," "," 0.00","I","999.9","000000"
"72743604863","2025-05-28","44.98639","-85.20306","189.0","BELLAIRE ANTRIM CO AIRPORT, MI US","  62.8","24","  42.4","24","9999.9"," 0","997.9","24"," 10.0","24","  4.2","24"," 13.0"," 21.0","  77.0"," ","  50.0"," "," 0.00","I","999.9","000000"
"72743604863","2025-05-29","44.98639","-85.20306","189.0","BELLAIRE ANTRIM CO AIRPORT, MI US","  61.2","24","  48.6","24","9999.9"," 0","992.9","24"," 10.0","24","  2.3","24","  7.0","999.9","  70.2"," ","  53.8"," ","99.99"," ","999.9","010000"
"72743604863","2025-05-30","44.98639","-85.20306","189.0","BELLAIRE ANTRIM CO AIRPORT, MI US","  59.2","24","  50.2","24","9999.9"," 0","985.8","23"," 10.0","24","  2.4","24","  8.0"," 15.9","  66.0"," ","  53.8"," ","99.99"," ","999.9","010000"
"72743604863","2025-05-31","44.98639","-85.20306","189.0","BELLAIRE ANTRIM CO AIRPORT, MI US","  50.6","24","  39.7","24","9999.9"," 0","985.5","23"," 10.0","24","  4.9","24","  9.9"," 15.9","  58.1"," ","  39.9"," "," 0.00","I","999.9","000000"
"72743604863","2025-06-01","44.98639","-85.20306","189.0","BELLAIRE ANTRIM CO AIRPORT, MI US","  46.0","24","  33.7","24","9999.9"," 0","989.6","20","  9.2","24","  1.6","24","  8.0"," 15.0","  62.1"," ","  30.6"," "," 0.00","I","999.9","100000"
"72743604863","2025-06-02","44.98639","-85.20306","189.0","BELLAIRE ANTRIM CO AIRPORT, MI US","  55.4","24","  39.5","24","9999.9"," 0","990.9","24"," 10.0","24","  3.1","24"," 11.1"," 17.1","  79.7"," ","  34.2"," "," 0.00","I","999.9","000000"
"72743604863","2025-06-03","44.98639","-85.20306","189.0","BELLAIRE ANTRIM CO AIRPORT, MI US","  70.6","24","  51.9","24","9999.9"," 0","987.4","23"," 10.0","24","  3.9","24"," 14.0"," 22.0","  86.5"," ","  54.3"," ","99.99"," ","999.9","010000"
"72743604863","2025-06-04","44.98639","-85.20306","189.0","BELLAIRE ANTRIM CO AIRPORT, MI US","  63.8","24","  56.5","24","9999.9"," 0","989.7","24","  7.3","24","  2.7","24"," 11.1"," 22.0","  78.8"," ","  51.3"," ","99.99"," ","999.9","010000"
"72743604863","2025-06-05","44.98639","-85.20306","189.0","BELLAIRE ANTRIM CO AIRPORT, MI US","  61.2","24","  49.8","24","9999.9"," 0","996.5","24","  6.5","24","  1.3","24","  8.0","999.9","  77.5"," ","  45.1"," "," 0.00","I","999.9","100000"
"72743604863","2025-06-06","44.98639","-85.20306","189.0","BELLAIRE ANTRIM CO AIRPORT, MI US","  60.0","24","  49.6","24","9999.9"," 0","994.8","24","  9.4","24","  0.7","24","  6.0","999.9","  73.2"," ","  45.5"," "," 0.00","I","999.9","000000"
"72743604863","2025-06-07","44.98639","-85.20306","189.0","BELLAIRE ANTRIM CO AIRPORT, MI US","  61.5","24","  47.8","24","9999.9"," 0","992.3","24","  8.5","24","  1.1","24","  6.0","999.9","  77.7"," ","  45.0"," "," 0.00","I","999.9","000000"
"72743604863","2025-06-08","44.98639","-85.20306","189.0","BELLAIRE ANTRIM CO AIRPORT, MI US","  64.0","24","  44.8","24","9999.9"," 0","986.0","24","  9.6","24","  2.4","24"," 11.1"," 19.0","  80.6","*","  52.0","*","99.99"," ","999.9","010000"
"72743604863","2025-06-09","44.98639","-85.20306","189.0","BELLAIRE ANTRIM CO AIRPORT, MI US","  59.0","24","  53.1","24","9999.9"," 0","980.3","24","  7.2","24","  2.5","24"," 12.0"," 21.0","  75.7"," ","  49.5"," ","99.99"," ","999.9","110000"
"72743604863","2025-06-10","44.98639","-85.20306","189.0","BELLAIRE ANTRIM CO AIRPORT, MI US","  57.6","24","  52.9","24","9999.9"," 0","984.0","24"," 10.0","24","  3.7","24","  8.0"," 14.0","  66.2"," ","  51.4"," ","99.99"," ","999.9","010000"
"72743604863","2025-06-11","44.98639","-85.20306","189.0","BELLAIRE ANTRIM CO AIRPORT, MI US","  62.4","24","  54.2","24","9999.9"," 0","990.4","24","  8.3","24","  2.7","24","  8.9"," 14.0","  74.1"," ","  49.1"," "," 0.00","I","999.9","000000"
"72743604863","2025-06-12","44.98639","-85.20306","189.0","BELLAIRE ANTRIM CO AIRPORT, MI US","  59.9","24","  50.2","24","9999.9"," 0","997.3","24","  7.7","24","  1.8","24","  7.0","999.9","  70.0"," ","  48.6"," "," 0.00","I","999.9","100000"
"72743604863","2025-06-13","44.98639","-85.20306","189.0","BELLAIRE ANTRIM CO AIRPORT, MI US","  54.9","24","  46.8","24","9999.9"," 0","999.3","24"," 10.0","24","  4.0","24","  8.9"," 14.0","  63.1"," ","  50.0"," ","99.99"," ","999.9","010000"
"72743604863","2025-06-14","44.98639","-85.20306","189.0","BELLAIRE ANTRIM CO AIRPORT, MI US","  58.5","22","  48.2","22","9999.9"," 0","998.1","22","  9.9","22","  4.6","22","  8.9","999.9","  69.6","*","  50.2","*","99.99"," ","999.9","010000"
"72743604863","2025-06-15","44.98639","-85.20306","189.0","BELLAIRE ANTRIM CO AIRPORT, MI US","  64.5","24","  51.1","24","9999.9"," 0","998.0","24"," 10.0","24","  1.6","24","  6.0","999.9","  77.4"," ","  56.3"," "," 0.00","I","999.9","000000"
"72743604863","2025-06-16","44.98639","-85.20306","189.0","BELLAIRE ANTRIM CO AIRPORT, MI US","  67.8","24","  55.6","24","9999.9"," 0","994.5","24"," 10.0","24","  1.4","24","  6.0","999.9","  83.7"," ","  52.9"," "," 0.00","I","999.9","000000"
"72743604863","2025-06-17","44.98639","-85.20306","189.0","BELLAIRE ANTRIM CO AIRPORT, MI US","  73.6","24","  63.5","24","9999.9"," 0","986.4","24"," 10.0","24","  2.6","24","  9.9"," 19.0","  83.7"," ","  64.2"," "," 0.00","I","999.9","000000"
"72743604863","2025-06-18","44.98639","-85.20306","189.0","BELLAIRE ANTRIM CO AIRPORT, MI US","  66.8","24","  63.9","24","9999.9"," 0","986.9","24","  7.8","24","  1.1","24","  9.9"," 14.0","  77.0"," ","  58.1"," ","99.99"," ","999.9","010000"
"72743604863","2025-06-19","44.98639","-85.20306","189.0","BELLAIRE ANTRIM CO AIRPORT, MI US","  64.4","24","  61.3","24","9999.9"," 0","986.0","24","  9.0","24","  2.6","24","  8.0"," 14.0","  72.5"," ","  59.0"," ","99.99"," ","999.9","010000"
"72743604863","2025-06-20","44.98639","-85.20306","189.0","BELLAIRE ANTRIM CO AIRPORT, MI US","  63.7","24","  58.0","24","9999.9"," 0","990.6","24","  7.9","24","  1.2","24","  6.0","999.9","  79.2"," ","  51.8"," "," 0.00","I","999.9","100000"
"72743604863","2025-06-21","44.98639","-85.20306","189.0","BELLAIRE ANTRIM CO AIRPORT, MI US","  72.9","24","  66.6","24","9999.9"," 0","987.0","24","  9.0","24","  4.6","24"," 15.9"," 25.1","  90.9"," ","  61.2"," ","99.99"," ","999.9","010000"
"72743604863","2025-06-22","44.98639","-85.20306","189.0","BELLAIRE ANTRIM CO AIRPORT, MI US","  85.6","24","  72.5","24","9999.9"," 0","988.5","24"," 10.0","24","  4.2","24","  9.9"," 17.1","  95.0"," ","  79.2"," "," 0.00","I","999.9","000000"
"72743604863","2025-06-23","44.98639","-85.20306","189.0","BELLAIRE ANTRIM CO AIRPORT, MI US","  85.3","24","  70.7","24","9999.9"," 0","991.5","24"," 10.0","24","  6.3","24"," 14.0"," 24.1","  91.4"," ","  79.0"," "," 0.00","I","999.9","000000"
"72743604863","2025-06-24","44.98639","-85.20306","189.0","BELLAIRE ANTRIM CO AIRPORT, MI US","  74.2","24","  68.9","24","9999.9"," 0","997.1","24","  9.6","24","  1.7","24","  6.0","999.9","  86.9"," ","  69.1"," ","99.99"," ","999.9","010000"
"72743604863","2025-06-25","44.98639","-85.20306","189.0","BELLAIRE ANTRIM CO AIRPORT, MI US","  68.6","24","  58.4","24","9999.9"," 0","999.7","24"," 10.0","24","  0.8","24","  6.0","999.9","  79.2"," ","  56.8"," "," 0.00","I","999.9","000000"
"72743604863","2025-06-26","44.98639","-85.20306","189.0","BELLAIRE ANTRIM CO AIRPORT, MI US","  66.7","24","  59.5","24","9999.9"," 0","995.1","24","  9.8","24","  4.6","24","  9.9"," 15.0","  72.5"," ","  60.8"," ","99.99"," ","999.9","010000"
"72743604863","2025-06-27","44.98639","-85.20306","189.0","BELLAIRE ANTRIM CO AIRPORT, MI US","  69.8","24","  64.7","24","9999.9"," 0","989.7","24","  9.5","24","  4.3","24","  9.9"," 15.0","  82.6"," ","  62.2"," ","99.99"," ","999.9","010000"
"72743604863","2025-06-28","44.98639","-85.20306","189.0","BELLAIRE ANTRIM CO AIRPORT, MI US","  66.6","24","  59.1","24","9999.9"," 0","992.1","24","  9.8","24","  2.7","24","  8.0","999.9","  74.5"," ","  58.6"," ","99.99"," ","999.9","010000"
"72743604863","2025-06-29","44.98639","-85.20306","189.0","BELLAIRE ANTRIM CO AIRPORT, MI US","  68.1","24","  61.9","24","9999.9"," 0","993.0","22","  9.7","24","  1.8","24"," 11.1"," 15.0","  87.4"," ","  54.9"," ","99.99"," ","999.9","010000"
"72743604863","2025-06-30","44.98639","-85.20306","189.0","BELLAIRE ANTRIM CO AIRPORT, MI US","  72.6","24","  67.2","24","9999.9"," 0","988.9","21","  9.4","24","  1.2","24","  6.0","999.9","  81.7"," ","  64.9"," ","99.99"," ","999.9","010000"
"72743604863","2025-07-01","44.98639","-85.20306","189.0","BELLAIRE ANTRIM CO AIRPORT, MI US","  68.6","24","  61.9","24","9999.9"," 0","988.5","20","  8.9","24","  2.7","24","  8.9","999.9","  77.4"," ","  57.7"," "," 0.00","I","999.9","000000"
"72743604863","2025-07-02","44.98639","-85.20306","189.0","BELLAIRE ANTRIM CO AIRPORT, MI US","  70.4","24","  59.9","24","9999.9"," 0","989.9","24","  9.8","24","  0.9","24","  5.1","999.9","  82.6"," ","  59.2"," "," 0.00","I","999.9","000000"
"72743604863","2025-07-03","44.98639","-85.20306","189.0","BELLAIRE ANTRIM CO AIRPORT, MI US","  68.0","24","  54.4","24","9999.9"," 0","992.3","24","  8.4","24","  1.9","24","  7.0","999.9","  77.9"," ","  54.7"," "," 0.00","I","999.9","100000"
"72743604863","2025-07-04","44.98639","-85.20306","189.0","BELLAIRE ANTRIM CO AIRPORT, MI US","  67.6","24","  56.0","24","9999.9"," 0","995.2","24"," 10.0","24","  1.9","24","  8.0","999.9","  86.9"," ","  49.3"," "," 0.00","I","999.9","000000"
"72743604863","2025-07-05","44.98639","-85.20306","189.0","BELLAIRE ANTRIM CO AIRPORT, MI US","  80.9","24","  67.4","24","9999.9"," 0","992.1","24"," 10.0","24","  3.2","24"," 12.0"," 18.1","  91.4"," ","  70.9"," "," 0.00","I","999.9","000000"
"72743604863","2025-07-06","44.98639","-85.20306","189.0","BELLAIRE ANTRIM CO AIRPORT, MI US","  72.5","24","  67.6","24","9999.9"," 0","988.2","24","  8.8","24","  3.0","24","  7.0"," 18.1","  85.5"," ","  64.9"," ","99.99"," ","999.9","010000"
"72743604863","2025-07-07","44.98639","-85.20306","189.0","BELLAIRE ANTRIM CO AIRPORT, MI US","  63.3","24","  58.7","24","9999.9"," 0","993.4","24"," 10.0","24","  3.1","24","  7.0","999.9","  70.7"," ","  58.3"," "," 0.00","I","999.9","000000"
"72743604863","2025-07-08","44.98639","-85.20306","189.0","BELLAIRE ANTRIM CO AIRPORT, MI US","  64.8","24","  55.7","24","9999.9"," 0","995.4","24","  9.3","24","  0.9","24","  5.1","999.9","  82.0"," ","  51.1"," "," 0.00","I","999.9","100000"
"72743604863","2025-07-09","44.98639","-85.20306","189.0","BELLAIRE ANTRIM CO AIRPORT, MI US","  68.0","24","  61.3","24","9999.9"," 0","993.6","24","  9.7","24","  1.6","24","  6.0","999.9","  78.1"," ","  58.1"," "," 0.00","I","999.9","000000"
"72743604863","2025-07-10","44.98639","-85.20306","189.0","BELLAIRE ANTRIM CO AIRPORT, MI US","  65.4","24","  58.1","24","9999.9"," 0","993.0","24","  8.8","24","  0.7","24","  5.1","999.9","  77.0"," ","  53.1"," "," 0.00","I","999.9","100000"
"72743604863","2025-07-11","44.98639","-85.20306","189.0","BELLAIRE ANTRIM CO AIRPORT, MI US","  67.8","24","  56.7","24","9999.9"," 0","991.1","24","  9.9","24","  1.2","24","  5.1","999.9","  84.9"," ","  51.6"," "," 0.00","I","999.9","000000"
"72743604863","2025-07-12","44.98639","-85.20306","189.0","BELLAIRE ANTRIM CO AIRPORT, MI US","  71.9","24","  65.9","24","9999.9"," 0","987.8","24","  9.2","24","  3.0","24","  9.9"," 17.1","  79.7"," ","  64.6"," ","99.99"," ","999.9","010000"
"72743604863","2025-07-13","44.98639","-85.20306","189.0","BELLAIRE ANTRIM CO AIRPORT, MI US","  72.3","24","  63.5","24","9999.9"," 0","990.6","24","  7.2","24","  2.9","24","  8.0","999.9","  79.7"," ","  59.4"," "," 0.00","I","999.9","100000"
"72743604863","2025-07-14","44.98639","-85.20306","189.0","BELLAIRE ANTRIM CO AIRPORT, MI US","  69.8","24","  61.8","24","9999.9"," 0","993.1","24","  6.5","24","  2.7","24","  9.9"," 15.0","  85.6"," ","  55.8"," "," 0.00","I","999.9","000000"
"72743604863","2025-07-15","44.98639","-85.20306","189.0","BELLAIRE ANTRIM CO AIRPORT, MI US","  73.3","24","  64.2","24","9999.9"," 0","994.3","24","  8.5","24","  2.0","24","  9.9"," 15.0","  89.2"," ","  58.3"," "," 0.00","I","999.9","000000"
"72743604863","2025-07-16","44.98639","-85.20306","189.0","BELLAIRE ANTRIM CO AIRPORT, MI US","  74.3","24","  67.0","24","9999.9"," 0","989.2","24","  7.6","24","  1.3","24","  9.9"," 15.9","  87.1"," ","  61.9"," ","99.99"," ","999.9","010000"
"72743604863","2025-07-17","44.98639","-85.20306","189.0","BELLAIRE ANTRIM CO AIRPORT, MI US","  63.8","24","  60.1","24","9999.9"," 0","989.9","24","  8.7","24","  3.8","24","  7.0","999.9","  70.0","*","  58.1","*","99.99"," ","999.9","010000"
"72743604863","2025-07-18","44.98639","-85.20306","189.0","BELLAIRE ANTRIM CO AIRPORT, MI US","  55.3"," 7","  52.1"," 7","9999.9"," 0","997.9"," 7"," 10.0"," 7","  0.6"," 7","  4.1","999.9","  64.4","*","  48.7","*"," 0.00","I","999.9","000000"
