"STATION","DATE","LATITUDE","LONGITUDE","ELEVATION","NAME","TEMP","TEMP_ATTRIBUTES","DEWP","DEWP_ATTRIBUTES","SLP","SLP_ATTRIBUTES","STP","STP_ATTRIBUTES","VISIB","VISIB_ATTRIBUTES","WDSP","WDSP_ATTRIBUTES","MXSPD","GUST","MAX","MAX_ATTRIBUTES","MIN","MIN_ATTRIBUTES","PRCP","PRCP_ATTRIBUTES","SNDP","FRSHTT"
"99728699999","2025-01-01","39.933","-75.142","5.0","PHILADELPHIA, US","  46.8","24","9999.9"," 0","1001.7","24","999.9"," 0","999.9"," 0","999.9"," 0","999.9","999.9","  49.8","*","  44.1","*"," 0.00","I","999.9","000000"
"99728699999","2025-01-02","39.933","-75.142","5.0","PHILADELPHIA, US","  39.2","23","9999.9"," 0","1014.5","23","999.9"," 0","999.9"," 0","999.9"," 0","999.9","999.9","  43.5","*","  35.4","*"," 0.00","I","999.9","000000"
"99728699999","2025-01-03","39.933","-75.142","5.0","PHILADELPHIA, US","  33.9","24","9999.9"," 0","1015.4","24","999.9"," 0","999.9"," 0","999.9"," 0","999.9","999.9","  36.9","*","  30.6","*"," 0.00","I","999.9","000000"
"99728699999","2025-01-04","39.933","-75.142","5.0","PHILADELPHIA, US","  30.8","21","9999.9"," 0","1012.5","21","999.9"," 0","999.9"," 0","999.9"," 0","999.9","999.9","  33.3","*","  29.5","*"," 0.00","I","999.9","000000"
"99728699999","2025-01-05","39.933","-75.142","5.0","PHILADELPHIA, US","  27.9","20","9999.9"," 0","1018.8","20","999.9"," 0","999.9"," 0","999.9"," 0","999.9","999.9","  32.2","*","  23.2","*"," 0.00","I","999.9","000000"
"99728699999","2025-01-06","39.933","-75.142","5.0","PHILADELPHIA, US","  28.6","24","9999.9"," 0","1013.6","24","999.9"," 0","999.9"," 0","999.9"," 0","999.9","999.9","  30.0","*","  26.8","*"," 0.00","I","999.9","000000"
"99728699999","2025-01-07","39.933","-75.142","5.0","PHILADELPHIA, US","  26.4","22","9999.9"," 0","1010.5","22","999.9"," 0","999.9"," 0","999.9"," 0","999.9","999.9","  33.3","*","  20.7","*"," 0.00","I","999.9","000000"
"99728699999","2025-01-08","39.933","-75.142","5.0","PHILADELPHIA, US","  28.6","23","9999.9"," 0","1016.4","23","999.9"," 0","999.9"," 0","999.9"," 0","999.9","999.9","  30.7","*","  26.2","*"," 0.00","I","999.9","000000"
"99728699999","2025-01-09","39.933","-75.142","5.0","PHILADELPHIA, US","  24.9","22","9999.9"," 0","1012.2","22","999.9"," 0","999.9"," 0","999.9"," 0","999.9","999.9","  33.4","*","  20.7","*"," 0.00","I","999.9","000000"
"99728699999","2025-01-10","39.933","-75.142","5.0","PHILADELPHIA, US","  30.4","23","9999.9"," 0","1015.3","23","999.9"," 0","999.9"," 0","999.9"," 0","999.9","999.9","  37.4","*","  25.2","*"," 0.00","I","999.9","000000"
"99728699999","2025-01-11","39.933","-75.142","5.0","PHILADELPHIA, US","  31.1","23","9999.9"," 0","1004.1","23","999.9"," 0","999.9"," 0","999.9"," 0","999.9","999.9","  33.8","*","  27.9","*"," 0.00","I","999.9","000000"
"99728699999","2025-01-12","39.933","-75.142","5.0","PHILADELPHIA, US","  35.4","18","9999.9"," 0","1013.5","18","999.9"," 0","999.9"," 0","999.9"," 0","999.9","999.9","  41.4","*","  31.6","*"," 0.00","I","999.9","000000"
"99728699999","2025-01-13","39.933","-75.142","5.0","PHILADELPHIA, US","  36.3","23","9999.9"," 0","1016.0","23","999.9"," 0","999.9"," 0","999.9"," 0","999.9","999.9","  43.9","*","  30.0","*"," 0.00","I","999.9","000000"
"99728699999","2025-01-14","39.933","-75.142","5.0","PHILADELPHIA, US","  31.8","23","9999.9"," 0","1017.3","23","999.9"," 0","999.9"," 0","999.9"," 0","999.9","999.9","  40.5","*","  26.1","*"," 0.00","I","999.9","000000"
"99728699999","2025-01-15","39.933","-75.142","5.0","PHILADELPHIA, US","  27.3","22","9999.9"," 0","1022.0","22","999.9"," 0","999.9"," 0","999.9"," 0","999.9","999.9","  33.6","*","  22.1","*"," 0.00","I","999.9","000000"
"99728699999","2025-01-16","39.933","-75.142","5.0","PHILADELPHIA, US","  25.9","24","9999.9"," 0","1018.1","24","999.9"," 0","999.9"," 0","999.9"," 0","999.9","999.9","  30.9","*","  20.8","*"," 0.00","I","999.9","000000"
"99728699999","2025-01-17","39.933","-75.142","5.0","PHILADELPHIA, US","  32.0","22","9999.9"," 0","1015.7","22","999.9"," 0","999.9"," 0","999.9"," 0","999.9","999.9","  43.0","*","  26.6","*"," 0.00","I","999.9","000000"
"99728699999","2025-01-18","39.933","-75.142","5.0","PHILADELPHIA, US","  34.7","22","9999.9"," 0","1015.6","22","999.9"," 0","999.9"," 0","999.9"," 0","999.9","999.9","  42.4","*","  29.5","*"," 0.00","I","999.9","000000"
"99728699999","2025-01-19","39.933","-75.142","5.0","PHILADELPHIA, US","  35.5","19","9999.9"," 0","1008.4","19","999.9"," 0","999.9"," 0","999.9"," 0","999.9","999.9","  38.5","*","  29.7","*"," 0.00","I","999.9","000000"
"99728699999","2025-01-20","39.933","-75.142","5.0","PHILADELPHIA, US","  23.4","22","9999.9"," 0","1019.8","22","999.9"," 0","999.9"," 0","999.9"," 0","999.9","999.9","  28.6","*","  19.4","*"," 0.00","I","999.9","000000"
"99728699999","2025-01-21","39.933","-75.142","5.0","PHILADELPHIA, US","  16.1","24","9999.9"," 0","1034.2","24","999.9"," 0","999.9"," 0","999.9"," 0","999.9","999.9","  19.8","*","  11.5","*"," 0.00","I","999.9","000000"
"99728699999","2025-01-22","39.933","-75.142","5.0","PHILADELPHIA, US","  16.4","23","9999.9"," 0","1033.0","23","999.9"," 0","999.9"," 0","999.9"," 0","999.9","999.9","  19.6","*","  12.9","*"," 0.00","I","999.9","000000"
"99728699999","2025-01-23","39.933","-75.142","5.0","PHILADELPHIA, US","  20.7","15","9999.9"," 0","1026.9","15","999.9"," 0","999.9"," 0","999.9"," 0","999.9","999.9","  27.7","*","  14.0","*"," 0.00","I","999.9","000000"
"99728699999","2025-01-24","39.933","-75.142","5.0","PHILADELPHIA, US","  26.2","21","9999.9"," 0","1022.4","21","999.9"," 0","999.9"," 0","999.9"," 0","999.9","999.9","  33.8","*","  20.8","*"," 0.00","I","999.9","000000"
"99728699999","2025-01-25","39.933","-75.142","5.0","PHILADELPHIA, US","  28.9","22","9999.9"," 0","1026.8","22","999.9"," 0","999.9"," 0","999.9"," 0","999.9","999.9","  34.3","*","  21.9","*"," 0.00","I","999.9","000000"
"99728699999","2025-01-26","39.933","-75.142","5.0","PHILADELPHIA, US","  35.7","19","9999.9"," 0","1022.3","19","999.9"," 0","999.9"," 0","999.9"," 0","999.9","999.9","  42.4","*","  29.1","*"," 0.00","I","999.9","000000"
"99728699999","2025-01-27","39.933","-75.142","5.0","PHILADELPHIA, US","  35.8","22","9999.9"," 0","1017.6","22","999.9"," 0","999.9"," 0","999.9"," 0","999.9","999.9","  44.6","*","  27.3","*"," 0.00","I","999.9","000000"
"99728699999","2025-01-28","39.933","-75.142","5.0","PHILADELPHIA, US","  38.9","24","9999.9"," 0","1005.0","24","999.9"," 0","999.9"," 0","999.9"," 0","999.9","999.9","  45.3","*","  32.9","*"," 0.00","I","999.9","000000"
"99728699999","2025-01-29","39.933","-75.142","5.0","PHILADELPHIA, US","  40.9","24","9999.9"," 0","1001.4","24","999.9"," 0","999.9"," 0","999.9"," 0","999.9","999.9","  52.7","*","  32.5","*"," 0.00","I","999.9","000000"
"99728699999","2025-01-30","39.933","-75.142","5.0","PHILADELPHIA, US","  37.7","24","9999.9"," 0","1019.1","24","999.9"," 0","999.9"," 0","999.9"," 0","999.9","999.9","  45.0","*","  31.5","*"," 0.00","I","999.9","000000"
"99728699999","2025-01-31","39.933","-75.142","5.0","PHILADELPHIA, US","  41.1","23","9999.9"," 0","1016.0","23","999.9"," 0","999.9"," 0","999.9"," 0","999.9","999.9","  48.2","*","  37.0","*"," 0.00","I","999.9","000000"
"99728699999","2025-02-01","39.933","-75.142","5.0","PHILADELPHIA, US","  41.1","23","9999.9"," 0","1012.2","23","999.9"," 0","999.9"," 0","999.9"," 0","999.9","999.9","  49.6","*","  32.2","*"," 0.00","I","999.9","000000"
"99728699999","2025-02-02","39.933","-75.142","5.0","PHILADELPHIA, US","  27.6","19","9999.9"," 0","1031.9","19","999.9"," 0","999.9"," 0","999.9"," 0","999.9","999.9","  36.1","*","  20.8","*"," 0.00","I","999.9","000000"
"99728699999","2025-02-03","39.933","-75.142","5.0","PHILADELPHIA, US","  39.5","20","9999.9"," 0","1020.3","20","999.9"," 0","999.9"," 0","999.9"," 0","999.9","999.9","  51.6","*","  32.2","*"," 0.00","I","999.9","000000"
"99728699999","2025-02-04","39.933","-75.142","5.0","PHILADELPHIA, US","  45.1","22","9999.9"," 0","1012.6","22","999.9"," 0","999.9"," 0","999.9"," 0","999.9","999.9","  48.2","*","  41.7","*"," 0.00","I","999.9","000000"
"99728699999","2025-02-05","39.933","-75.142","5.0","PHILADELPHIA, US","  34.5","23","9999.9"," 0","1027.6","23","999.9"," 0","999.9"," 0","999.9"," 0","999.9","999.9","  39.9","*","  30.9","*"," 0.00","I","999.9","000000"
"99728699999","2025-02-06","39.933","-75.142","5.0","PHILADELPHIA, US","  34.4","22","9999.9"," 0","1019.0","22","999.9"," 0","999.9"," 0","999.9"," 0","999.9","999.9","  37.6","*","  31.5","*"," 0.00","I","999.9","000000"
"99728699999","2025-02-07","39.933","-75.142","5.0","PHILADELPHIA, US","  40.3","23","9999.9"," 0","1012.9","23","999.9"," 0","999.9"," 0","999.9"," 0","999.9","999.9","  44.8","*","  37.6","*"," 0.00","I","999.9","000000"
"99728699999","2025-02-08","39.933","-75.142","5.0","PHILADELPHIA, US","  33.0","24","9999.9"," 0","1024.7","24","999.9"," 0","999.9"," 0","999.9"," 0","999.9","999.9","  37.4","*","  29.3","*"," 0.00","I","999.9","000000"
"99728699999","2025-02-09","39.933","-75.142","5.0","PHILADELPHIA, US","  33.5","18","9999.9"," 0","1014.7","18","999.9"," 0","999.9"," 0","999.9"," 0","999.9","999.9","  37.4","*","  30.2","*"," 0.00","I","999.9","000000"
"99728699999","2025-02-10","39.933","-75.142","5.0","PHILADELPHIA, US","  36.5","23","9999.9"," 0","1027.2","23","999.9"," 0","999.9"," 0","999.9"," 0","999.9","999.9","  41.0","*","  33.3","*"," 0.00","I","999.9","000000"
"99728699999","2025-02-11","39.933","-75.142","5.0","PHILADELPHIA, US","  33.4","21","9999.9"," 0","1029.5","21","999.9"," 0","999.9"," 0","999.9"," 0","999.9","999.9","  37.4","*","  30.2","*"," 0.00","I","999.9","000000"
"99728699999","2025-02-12","39.933","-75.142","5.0","PHILADELPHIA, US","  32.3","24","9999.9"," 0","1023.3","24","999.9"," 0","999.9"," 0","999.9"," 0","999.9","999.9","  35.6","*","  30.2","*"," 0.00","I","999.9","000000"
"99728699999","2025-02-13","39.933","-75.142","5.0","PHILADELPHIA, US","  39.3","24","9999.9"," 0","1014.3","24","999.9"," 0","999.9"," 0","999.9"," 0","999.9","999.9","  47.3","*","  34.2","*"," 0.00","I","999.9","000000"
"99728699999","2025-02-14","39.933","-75.142","5.0","PHILADELPHIA, US","  35.1","23","9999.9"," 0","1030.1","23","999.9"," 0","999.9"," 0","999.9"," 0","999.9","999.9","  41.4","*","  31.1","*"," 0.00","I","999.9","000000"
"99728699999","2025-02-15","39.933","-75.142","5.0","PHILADELPHIA, US","  33.5","22","9999.9"," 0","1030.5","22","999.9"," 0","999.9"," 0","999.9"," 0","999.9","999.9","  39.0","*","  29.7","*"," 0.00","I","999.9","000000"
"99728699999","2025-02-16","39.933","-75.142","5.0","PHILADELPHIA, US","  38.6","20","9999.9"," 0","1003.1","19","999.9"," 0","999.9"," 0","999.9"," 0","999.9","999.9","  54.0","*","  34.7","*"," 0.00","I","999.9","000000"
"99728699999","2025-02-17","39.933","-75.142","5.0","PHILADELPHIA, US","  35.3","20","9999.9"," 0","1007.4","20","999.9"," 0","999.9"," 0","999.9"," 0","999.9","999.9","  39.7","*","  31.1","*"," 0.00","I","999.9","000000"
"99728699999","2025-02-18","39.933","-75.142","5.0","PHILADELPHIA, US","  26.1","24","9999.9"," 0","1021.2","24","999.9"," 0","999.9"," 0","999.9"," 0","999.9","999.9","  34.0","*","  20.5","*"," 0.00","I","999.9","000000"
"99728699999","2025-02-19","39.933","-75.142","5.0","PHILADELPHIA, US","  22.9","24","9999.9"," 0","1027.3","24","999.9"," 0","999.9"," 0","999.9"," 0","999.9","999.9","  29.8","*","  17.2","*"," 0.00","I","999.9","000000"
"99728699999","2025-02-20","39.933","-75.142","5.0","PHILADELPHIA, US","  24.8","14","9999.9"," 0","1018.3","14","999.9"," 0","999.9"," 0","999.9"," 0","999.9","999.9","  27.9","*","  20.8","*"," 0.00","I","999.9","000000"
"99728699999","2025-02-21","39.933","-75.142","5.0","PHILADELPHIA, US","  28.6","23","9999.9"," 0","1021.9","23","999.9"," 0","999.9"," 0","999.9"," 0","999.9","999.9","  36.1","*","  24.1","*"," 0.00","I","999.9","000000"
"99728699999","2025-02-22","39.933","-75.142","5.0","PHILADELPHIA, US","  31.4","21","9999.9"," 0","1028.1","21","999.9"," 0","999.9"," 0","999.9"," 0","999.9","999.9","  40.5","*","  23.2","*"," 0.00","I","999.9","000000"
"99728699999","2025-02-23","39.933","-75.142","5.0","PHILADELPHIA, US","  38.1","21","9999.9"," 0","1020.6","21","999.9"," 0","999.9"," 0","999.9"," 0","999.9","999.9","  49.1","*","  29.8","*"," 0.00","I","999.9","000000"
"99728699999","2025-02-24","39.933","-75.142","5.0","PHILADELPHIA, US","  45.0","21","9999.9"," 0","1018.0","21","999.9"," 0","999.9"," 0","999.9"," 0","999.9","999.9","  55.0","*","  33.3","*"," 0.00","I","999.9","000000"
"99728699999","2025-02-25","39.933","-75.142","5.0","PHILADELPHIA, US","  48.4","23","9999.9"," 0","1010.0","23","999.9"," 0","999.9"," 0","999.9"," 0","999.9","999.9","  59.2","*","  40.8","*"," 0.00","I","999.9","000000"
"99728699999","2025-02-26","39.933","-75.142","5.0","PHILADELPHIA, US","  51.1","24","9999.9"," 0","1011.4","24","999.9"," 0","999.9"," 0","999.9"," 0","999.9","999.9","  60.4","*","  42.4","*"," 0.00","I","999.9","000000"
"99728699999","2025-02-27","39.933","-75.142","5.0","PHILADELPHIA, US","  48.8","24","9999.9"," 0","1008.6","24","999.9"," 0","999.9"," 0","999.9"," 0","999.9","999.9","  53.4","*","  45.1","*"," 0.00","I","999.9","000000"
"99728699999","2025-02-28","39.933","-75.142","5.0","PHILADELPHIA, US","  47.7","15","9999.9"," 0","1005.3","15","999.9"," 0","999.9"," 0","999.9"," 0","999.9","999.9","  52.7","*","  41.5","*"," 0.00","I","999.9","000000"
"99728699999","2025-03-01","39.933","-75.142","5.0","PHILADELPHIA, US","  48.3","20","9999.9"," 0","1001.7","20","999.9"," 0","999.9"," 0","999.9"," 0","999.9","999.9","  64.0","*","  41.5","*"," 0.00","I","999.9","000000"
"99728699999","2025-03-02","39.933","-75.142","5.0","PHILADELPHIA, US","  30.0","23","9999.9"," 0","1016.7","23","999.9"," 0","999.9"," 0","999.9"," 0","999.9","999.9","  41.2","*","  21.7","*"," 0.00","I","999.9","000000"
"99728699999","2025-03-03","39.933","-75.142","5.0","PHILADELPHIA, US","  32.4","24","9999.9"," 0","1024.1","24","999.9"," 0","999.9"," 0","999.9"," 0","999.9","999.9","  40.8","*","  25.3","*"," 0.00","I","999.9","000000"
"99728699999","2025-03-04","39.933","-75.142","5.0","PHILADELPHIA, US","  41.8","24","9999.9"," 0","1022.8","24","999.9"," 0","999.9"," 0","999.9"," 0","999.9","999.9","  61.2","*","  30.0","*"," 0.00","I","999.9","000000"
"99728699999","2025-03-05","39.933","-75.142","5.0","PHILADELPHIA, US","  53.8","24","9999.9"," 0","1009.1","24","999.9"," 0","999.9"," 0","999.9"," 0","999.9","999.9","  62.1","*","  46.8","*"," 0.00","I","999.9","000000"
"99728699999","2025-03-06","39.933","-75.142","5.0","PHILADELPHIA, US","  48.3","23","9999.9"," 0"," 993.1","23","999.9"," 0","999.9"," 0","999.9"," 0","999.9","999.9","  56.5","*","  40.8","*"," 0.00","I","999.9","000000"
"99728699999","2025-03-07","39.933","-75.142","5.0","PHILADELPHIA, US","  41.6","24","9999.9"," 0","1005.4","24","999.9"," 0","999.9"," 0","999.9"," 0","999.9","999.9","  52.0","*","  35.4","*"," 0.00","I","999.9","000000"
"99728699999","2025-03-08","39.933","-75.142","5.0","PHILADELPHIA, US","  46.0","23","9999.9"," 0","1005.3","23","999.9"," 0","999.9"," 0","999.9"," 0","999.9","999.9","  49.5","*","  41.4","*"," 0.00","I","999.9","000000"
"99728699999","2025-03-09","39.933","-75.142","5.0","PHILADELPHIA, US","  43.9","23","9999.9"," 0","1013.3","23","999.9"," 0","999.9"," 0","999.9"," 0","999.9","999.9","  56.1","*","  32.9","*"," 0.00","I","999.9","000000"
"99728699999","2025-03-10","39.933","-75.142","5.0","PHILADELPHIA, US","  52.4","24","9999.9"," 0","1011.7","24","999.9"," 0","999.9"," 0","999.9"," 0","999.9","999.9","  66.2","*","  41.2","*"," 0.00","I","999.9","000000"
"99728699999","2025-03-11","39.933","-75.142","5.0","PHILADELPHIA, US","  54.1","24","9999.9"," 0","1008.6","24","999.9"," 0","999.9"," 0","999.9"," 0","999.9","999.9","  68.0","*","  39.7","*"," 0.00","I","999.9","000000"
"99728699999","2025-03-12","39.933","-75.142","5.0","PHILADELPHIA, US","  52.7","23","9999.9"," 0","1011.3","23","999.9"," 0","999.9"," 0","999.9"," 0","999.9","999.9","  61.7","*","  47.1","*"," 0.00","I","999.9","000000"
"99728699999","2025-03-13","39.933","-75.142","5.0","PHILADELPHIA, US","  45.0","24","9999.9"," 0","1016.4","24","999.9"," 0","999.9"," 0","999.9"," 0","999.9","999.9","  52.7","*","  39.9","*"," 0.00","I","999.9","000000"
"99728699999","2025-03-14","39.933","-75.142","5.0","PHILADELPHIA, US","  47.3","24","9999.9"," 0","1019.6","24","999.9"," 0","999.9"," 0","999.9"," 0","999.9","999.9","  60.1","*","  41.9","*"," 0.00","I","999.9","000000"
"99728699999","2025-03-15","39.933","-75.142","5.0","PHILADELPHIA, US","  46.4","23","9999.9"," 0","1019.2","23","999.9"," 0","999.9"," 0","999.9"," 0","999.9","999.9","  53.1","*","  41.7","*"," 0.00","I","999.9","000000"
"99728699999","2025-03-16","39.933","-75.142","5.0","PHILADELPHIA, US","  57.9","20","9999.9"," 0","1013.4","20","999.9"," 0","999.9"," 0","999.9"," 0","999.9","999.9","  69.1","*","  49.1","*"," 0.00","I","999.9","000000"
"99728699999","2025-03-17","39.933","-75.142","5.0","PHILADELPHIA, US","  55.4","23","9999.9"," 0","1009.2","23","999.9"," 0","999.9"," 0","999.9"," 0","999.9","999.9","  65.7","*","  48.0","*"," 0.00","I","999.9","000000"
"99728699999","2025-03-18","39.933","-75.142","5.0","PHILADELPHIA, US","  44.9","24","9999.9"," 0","1017.2","24","999.9"," 0","999.9"," 0","999.9"," 0","999.9","999.9","  63.1","*","  34.5","*"," 0.00","I","999.9","000000"
"99728699999","2025-03-19","39.933","-75.142","5.0","PHILADELPHIA, US","  55.7","22","9999.9"," 0","1016.8","22","999.9"," 0","999.9"," 0","999.9"," 0","999.9","999.9","  70.9","*","  42.8","*"," 0.00","I","999.9","000000"
"99728699999","2025-03-20","39.933","-75.142","5.0","PHILADELPHIA, US","  54.0","23","9999.9"," 0","1008.4","23","999.9"," 0","999.9"," 0","999.9"," 0","999.9","999.9","  66.4","*","  45.9","*"," 0.00","I","999.9","000000"
"99728699999","2025-03-21","39.933","-75.142","5.0","PHILADELPHIA, US","  47.9","24","9999.9"," 0","1004.5","24","999.9"," 0","999.9"," 0","999.9"," 0","999.9","999.9","  60.4","*","  40.1","*"," 0.00","I","999.9","000000"
"99728699999","2025-03-22","39.933","-75.142","5.0","PHILADELPHIA, US","  52.0","23","9999.9"," 0","1008.7","23","999.9"," 0","999.9"," 0","999.9"," 0","999.9","999.9","  63.0","*","  41.9","*"," 0.00","I","999.9","000000"
"99728699999","2025-03-23","39.933","-75.142","5.0","PHILADELPHIA, US","  44.1","24","9999.9"," 0","1018.2","24","999.9"," 0","999.9"," 0","999.9"," 0","999.9","999.9","  55.9","*","  35.1","*"," 0.00","I","999.9","000000"
"99728699999","2025-03-24","39.933","-75.142","5.0","PHILADELPHIA, US","  46.6","24","9999.9"," 0","1012.6","24","999.9"," 0","999.9"," 0","999.9"," 0","999.9","999.9","  51.6","*","  41.2","*"," 0.00","I","999.9","000000"
"99728699999","2025-03-25","39.933","-75.142","5.0","PHILADELPHIA, US","  51.1","23","9999.9"," 0","1010.8","23","999.9"," 0","999.9"," 0","999.9"," 0","999.9","999.9","  60.8","*","  43.0","*"," 0.00","I","999.9","000000"
"99728699999","2025-03-26","39.933","-75.142","5.0","PHILADELPHIA, US","  49.4","16","9999.9"," 0","1015.2","16","999.9"," 0","999.9"," 0","999.9"," 0","999.9","999.9","  58.1","*","  42.8","*"," 0.00","I","999.9","000000"
"99728699999","2025-03-27","39.933","-75.142","5.0","PHILADELPHIA, US","  43.4","24","9999.9"," 0","1023.7","24","999.9"," 0","999.9"," 0","999.9"," 0","999.9","999.9","  53.1","*","  35.4","*"," 0.00","I","999.9","000000"
"99728699999","2025-03-28","39.933","-75.142","5.0","PHILADELPHIA, US","  53.6","22","9999.9"," 0","1022.2","22","999.9"," 0","999.9"," 0","999.9"," 0","999.9","999.9","  65.7","*","  44.2","*"," 0.00","I","999.9","000000"
"99728699999","2025-03-29","39.933","-75.142","5.0","PHILADELPHIA, US","  65.9","24","9999.9"," 0","1015.7","24","999.9"," 0","999.9"," 0","999.9"," 0","999.9","999.9","  79.5","*","  56.7","*"," 0.00","I","999.9","000000"
"99728699999","2025-03-30","39.933","-75.142","5.0","PHILADELPHIA, US","  53.7","23","9999.9"," 0","1018.3","23","999.9"," 0","999.9"," 0","999.9"," 0","999.9","999.9","  75.0","*","  45.5","*"," 0.00","I","999.9","000000"
"99728699999","2025-03-31","39.933","-75.142","5.0","PHILADELPHIA, US","  63.8","21","9999.9"," 0","1007.8","21","999.9"," 0","999.9"," 0","999.9"," 0","999.9","999.9","  80.6","*","  51.1","*"," 0.00","I","999.9","000000"
"99728699999","2025-04-01","39.933","-75.142","5.0","PHILADELPHIA, US","  51.7","22","9999.9"," 0","1010.6","22","999.9"," 0","999.9"," 0","999.9"," 0","999.9","999.9","  72.3","*","  40.6","*"," 0.00","I","999.9","000000"
"99728699999","2025-04-02","39.933","-75.142","5.0","PHILADELPHIA, US","  47.9","23","9999.9"," 0","1027.9","23","999.9"," 0","999.9"," 0","999.9"," 0","999.9","999.9","  55.0","*","  40.1","*"," 0.00","I","999.9","000000"
"99728699999","2025-04-03","39.933","-75.142","5.0","PHILADELPHIA, US","  54.0","19","9999.9"," 0","1021.6","19","999.9"," 0","999.9"," 0","999.9"," 0","999.9","999.9","  74.5","*","  47.1","*"," 0.00","I","999.9","000000"
"99728699999","2025-04-04","39.933","-75.142","5.0","PHILADELPHIA, US","  62.3"," 7","9999.9"," 0","1021.7"," 7","999.9"," 0","999.9"," 0","999.9"," 0","999.9","999.9","  63.1","*","  61.5","*"," 0.00","I","999.9","000000"
"99728699999","2025-04-05","39.933","-75.142","5.0","PHILADELPHIA, US","  57.8","22","9999.9"," 0","1022.7","22","999.9"," 0","999.9"," 0","999.9"," 0","999.9","999.9","  63.9","*","  51.3","*"," 0.00","I","999.9","000000"
"99728699999","2025-04-06","39.933","-75.142","5.0","PHILADELPHIA, US","  50.2","23","9999.9"," 0","1011.0","23","999.9"," 0","999.9"," 0","999.9"," 0","999.9","999.9","  54.3","*","  47.5","*"," 0.00","I","999.9","000000"
"99728699999","2025-04-07","39.933","-75.142","5.0","PHILADELPHIA, US","  46.5","23","9999.9"," 0","1009.0","23","999.9"," 0","999.9"," 0","999.9"," 0","999.9","999.9","  54.5","*","  41.2","*"," 0.00","I","999.9","000000"
"99728699999","2025-04-08","39.933","-75.142","5.0","PHILADELPHIA, US","  43.0","24","9999.9"," 0","1006.8","24","999.9"," 0","999.9"," 0","999.9"," 0","999.9","999.9","  46.8","*","  37.8","*"," 0.00","I","999.9","000000"
"99728699999","2025-04-09","39.933","-75.142","5.0","PHILADELPHIA, US","  41.8","23","9999.9"," 0","1022.5","23","999.9"," 0","999.9"," 0","999.9"," 0","999.9","999.9","  51.6","*","  34.0","*"," 0.00","I","999.9","000000"
"99728699999","2025-04-10","39.933","-75.142","5.0","PHILADELPHIA, US","  46.9","23","9999.9"," 0","1025.3","23","999.9"," 0","999.9"," 0","999.9"," 0","999.9","999.9","  53.1","*","  41.5","*"," 0.00","I","999.9","000000"
"99728699999","2025-04-11","39.933","-75.142","5.0","PHILADELPHIA, US","  45.0","24","9999.9"," 0","1020.0","24","999.9"," 0","999.9"," 0","999.9"," 0","999.9","999.9","  46.8","*","  43.3","*"," 0.00","I","999.9","000000"
"99728699999","2025-04-12","39.933","-75.142","5.0","PHILADELPHIA, US","  41.0","24","9999.9"," 0","1013.9","24","999.9"," 0","999.9"," 0","999.9"," 0","999.9","999.9","  46.0","*","  37.8","*"," 0.00","I","999.9","000000"
"99728699999","2025-04-13","39.933","-75.142","5.0","PHILADELPHIA, US","  48.9","21","9999.9"," 0","1013.3","21","999.9"," 0","999.9"," 0","999.9"," 0","999.9","999.9","  60.8","*","  42.6","*"," 0.00","I","999.9","000000"
"99728699999","2025-04-14","39.933","-75.142","5.0","PHILADELPHIA, US","  56.5","24","9999.9"," 0","1011.7","24","999.9"," 0","999.9"," 0","999.9"," 0","999.9","999.9","  70.2","*","  45.3","*"," 0.00","I","999.9","000000"
"99728699999","2025-04-15","39.933","-75.142","5.0","PHILADELPHIA, US","  61.0","24","9999.9"," 0","1001.4","24","999.9"," 0","999.9"," 0","999.9"," 0","999.9","999.9","  68.5","*","  55.9","*"," 0.00","I","999.9","000000"
"99728699999","2025-04-16","39.933","-75.142","5.0","PHILADELPHIA, US","  50.8","24","9999.9"," 0","1007.8","24","999.9"," 0","999.9"," 0","999.9"," 0","999.9","999.9","  55.8","*","  46.2","*"," 0.00","I","999.9","000000"
"99728699999","2025-04-17","39.933","-75.142","5.0","PHILADELPHIA, US","  49.7","22","9999.9"," 0","1019.2","22","999.9"," 0","999.9"," 0","999.9"," 0","999.9","999.9","  62.6","*","  41.0","*"," 0.00","I","999.9","000000"
"99728699999","2025-04-18","39.933","-75.142","5.0","PHILADELPHIA, US","  59.8","23","9999.9"," 0","1022.5","23","999.9"," 0","999.9"," 0","999.9"," 0","999.9","999.9","  73.9","*","  44.4","*"," 0.00","I","999.9","000000"
"99728699999","2025-04-19","39.933","-75.142","5.0","PHILADELPHIA, US","  70.1","24","9999.9"," 0","1016.0","24","999.9"," 0","999.9"," 0","999.9"," 0","999.9","999.9","  79.9","*","  64.6","*"," 0.00","I","999.9","000000"
"99728699999","2025-04-20","39.933","-75.142","5.0","PHILADELPHIA, US","  70.3","24","9999.9"," 0","1020.6","24","999.9"," 0","999.9"," 0","999.9"," 0","999.9","999.9","  75.7","*","  62.4","*"," 0.00","I","999.9","000000"
"99728699999","2025-04-21","39.933","-75.142","5.0","PHILADELPHIA, US","  58.8","22","9999.9"," 0","1024.6","22","999.9"," 0","999.9"," 0","999.9"," 0","999.9","999.9","  66.7","*","  53.6","*"," 0.00","I","999.9","000000"
"99728699999","2025-04-22","39.933","-75.142","5.0","PHILADELPHIA, US","  67.8","23","9999.9"," 0","1014.9","23","999.9"," 0","999.9"," 0","999.9"," 0","999.9","999.9","  81.0","*","  58.5","*"," 0.00","I","999.9","000000"
"99728699999","2025-04-23","39.933","-75.142","5.0","PHILADELPHIA, US","  67.2","23","9999.9"," 0","1020.7","23","999.9"," 0","999.9"," 0","999.9"," 0","999.9","999.9","  76.5","*","  58.1","*"," 0.00","I","999.9","000000"
"99728699999","2025-04-24","39.933","-75.142","5.0","PHILADELPHIA, US","  67.3","24","9999.9"," 0","1024.2","24","999.9"," 0","999.9"," 0","999.9"," 0","999.9","999.9","  80.6","*","  53.1","*"," 0.00","I","999.9","000000"
"99728699999","2025-04-25","39.933","-75.142","5.0","PHILADELPHIA, US","  67.6","24","9999.9"," 0","1022.5","24","999.9"," 0","999.9"," 0","999.9"," 0","999.9","999.9","  81.0","*","  55.0","*"," 0.00","I","999.9","000000"
"99728699999","2025-04-26","39.933","-75.142","5.0","PHILADELPHIA, US","  67.8","24","9999.9"," 0","1011.7","24","999.9"," 0","999.9"," 0","999.9"," 0","999.9","999.9","  71.6","*","  64.0","*"," 0.00","I","999.9","000000"
"99728699999","2025-04-27","39.933","-75.142","5.0","PHILADELPHIA, US","  57.2","23","9999.9"," 0","1015.0","23","999.9"," 0","999.9"," 0","999.9"," 0","999.9","999.9","  70.9","*","  49.5","*"," 0.00","I","999.9","000000"
"99728699999","2025-04-28","39.933","-75.142","5.0","PHILADELPHIA, US","  65.3","23","9999.9"," 0","1024.6","23","999.9"," 0","999.9"," 0","999.9"," 0","999.9","999.9","  77.2","*","  56.1","*"," 0.00","I","999.9","000000"
"99728699999","2025-04-29","39.933","-75.142","5.0","PHILADELPHIA, US","  67.2","24","9999.9"," 0","1021.5","24","999.9"," 0","999.9"," 0","999.9"," 0","999.9","999.9","  82.9","*","  52.3","*"," 0.00","I","999.9","000000"
"99728699999","2025-04-30","39.933","-75.142","5.0","PHILADELPHIA, US","  74.0","24","9999.9"," 0","1014.1","24","999.9"," 0","999.9"," 0","999.9"," 0","999.9","999.9","  80.1","*","  67.8","*"," 0.00","I","999.9","000000"
"99728699999","2025-05-01","39.933","-75.142","5.0","PHILADELPHIA, US","  67.5","22","9999.9"," 0","1018.8","22","999.9"," 0","999.9"," 0","999.9"," 0","999.9","999.9","  79.0","*","  58.5","*"," 0.00","I","999.9","000000"
"99728699999","2025-05-02","39.933","-75.142","5.0","PHILADELPHIA, US","  72.1","24","9999.9"," 0","1011.7","24","999.9"," 0","999.9"," 0","999.9"," 0","999.9","999.9","  86.7","*","  60.3","*"," 0.00","I","999.9","000000"
"99728699999","2025-05-03","39.933","-75.142","5.0","PHILADELPHIA, US","  76.9","24","9999.9"," 0","1010.8","24","999.9"," 0","999.9"," 0","999.9"," 0","999.9","999.9","  84.6","*","  67.3","*"," 0.00","I","999.9","000000"
"99728699999","2025-05-04","39.933","-75.142","5.0","PHILADELPHIA, US","  68.9","23","9999.9"," 0","1011.3","23","999.9"," 0","999.9"," 0","999.9"," 0","999.9","999.9","  74.3","*","  65.8","*"," 0.00","I","999.9","000000"
"99728699999","2025-05-05","39.933","-75.142","5.0","PHILADELPHIA, US","  64.9","24","9999.9"," 0","1015.3","24","999.9"," 0","999.9"," 0","999.9"," 0","999.9","999.9","  69.1","*","  62.1","*"," 0.00","I","999.9","000000"
"99728699999","2025-05-06","39.933","-75.142","5.0","PHILADELPHIA, US","  67.7","21","9999.9"," 0","1015.5","21","999.9"," 0","999.9"," 0","999.9"," 0","999.9","999.9","  80.2","*","  62.2","*"," 0.00","I","999.9","000000"
"99728699999","2025-05-07","39.933","-75.142","5.0","PHILADELPHIA, US","  68.3","23","9999.9"," 0","1015.1","23","999.9"," 0","999.9"," 0","999.9"," 0","999.9","999.9","  77.5","*","  61.0","*"," 0.00","I","999.9","000000"
"99728699999","2025-05-08","39.933","-75.142","5.0","PHILADELPHIA, US","  65.6","14","9999.9"," 0","1015.6","14","999.9"," 0","999.9"," 0","999.9"," 0","999.9","999.9","  74.5","*","  60.1","*"," 0.00","I","999.9","000000"
"99728699999","2025-05-09","39.933","-75.142","5.0","PHILADELPHIA, US","  60.3","19","9999.9"," 0","1012.1","19","999.9"," 0","999.9"," 0","999.9"," 0","999.9","999.9","  69.3","*","  56.3","*"," 0.00","I","999.9","000000"
"99728699999","2025-05-10","39.933","-75.142","5.0","PHILADELPHIA, US","  60.8","21","9999.9"," 0","1015.2","21","999.9"," 0","999.9"," 0","999.9"," 0","999.9","999.9","  74.3","*","  49.6","*"," 0.00","I","999.9","000000"
"99728699999","2025-05-11","39.933","-75.142","5.0","PHILADELPHIA, US","  68.6","21","9999.9"," 0","1021.1","21","999.9"," 0","999.9"," 0","999.9"," 0","999.9","999.9","  81.3","*","  55.8","*"," 0.00","I","999.9","000000"
"99728699999","2025-05-12","39.933","-75.142","5.0","PHILADELPHIA, US","  70.7","22","9999.9"," 0","1024.3","22","999.9"," 0","999.9"," 0","999.9"," 0","999.9","999.9","  84.0","*","  57.6","*"," 0.00","I","999.9","000000"
"99728699999","2025-05-13","39.933","-75.142","5.0","PHILADELPHIA, US","  66.3","24","9999.9"," 0","1020.3","24","999.9"," 0","999.9"," 0","999.9"," 0","999.9","999.9","  74.3","*","  63.3","*"," 0.00","I","999.9","000000"
"99728699999","2025-05-14","39.933","-75.142","5.0","PHILADELPHIA, US","  61.0","24","9999.9"," 0","1015.7","24","999.9"," 0","999.9"," 0","999.9"," 0","999.9","999.9","  63.7","*","  58.6","*"," 0.00","I","999.9","000000"
"99728699999","2025-05-15","39.933","-75.142","5.0","PHILADELPHIA, US","  64.7","24","9999.9"," 0","1011.5","24","999.9"," 0","999.9"," 0","999.9"," 0","999.9","999.9","  70.3","*","  61.9","*"," 0.00","I","999.9","000000"
"99728699999","2025-05-16","39.933","-75.142","5.0","PHILADELPHIA, US","  64.3","15","9999.9"," 0","1008.7","15","999.9"," 0","999.9"," 0","999.9"," 0","999.9","999.9","  68.0","*","  61.7","*"," 0.00","I","999.9","000000"
"99728699999","2025-05-17","39.933","-75.142","5.0","PHILADELPHIA, US","  70.1","24","9999.9"," 0","1002.8","24","999.9"," 0","999.9"," 0","999.9"," 0","999.9","999.9","  84.9","*","  62.6","*"," 0.00","I","999.9","000000"
"99728699999","2025-05-18","39.933","-75.142","5.0","PHILADELPHIA, US","  72.6","24","9999.9"," 0","1003.8","24","999.9"," 0","999.9"," 0","999.9"," 0","999.9","999.9","  82.0","*","  64.8","*"," 0.00","I","999.9","000000"
"99728699999","2025-05-19","39.933","-75.142","5.0","PHILADELPHIA, US","  68.1","21","9999.9"," 0","1008.8","21","999.9"," 0","999.9"," 0","999.9"," 0","999.9","999.9","  72.7","*","  62.2","*"," 0.00","I","999.9","000000"
"99728699999","2025-05-20","39.933","-75.142","5.0","PHILADELPHIA, US","  60.8","24","9999.9"," 0","1013.9","24","999.9"," 0","999.9"," 0","999.9"," 0","999.9","999.9","  68.5","*","  51.3","*"," 0.00","I","999.9","000000"
"99728699999","2025-05-21","39.933","-75.142","5.0","PHILADELPHIA, US","  57.2","24","9999.9"," 0","1014.2","24","999.9"," 0","999.9"," 0","999.9"," 0","999.9","999.9","  66.4","*","  53.2","*"," 0.00","I","999.9","000000"
"99728699999","2025-05-22","39.933","-75.142","5.0","PHILADELPHIA, US","  53.2","22","9999.9"," 0","1009.6","22","999.9"," 0","999.9"," 0","999.9"," 0","999.9","999.9","  54.9","*","  51.8","*"," 0.00","I","999.9","000000"
"99728699999","2025-05-23","39.933","-75.142","5.0","PHILADELPHIA, US","  57.7","24","9999.9"," 0","1009.8","24","999.9"," 0","999.9"," 0","999.9"," 0","999.9","999.9","  68.7","*","  51.3","*"," 0.00","I","999.9","000000"
"99728699999","2025-05-24","39.933","-75.142","5.0","PHILADELPHIA, US","  57.6","19","9999.9"," 0","1015.0","19","999.9"," 0","999.9"," 0","999.9"," 0","999.9","999.9","  64.8","*","  50.7","*"," 0.00","I","999.9","000000"
"99728699999","2025-05-25","39.933","-75.142","5.0","PHILADELPHIA, US","  62.0","23","9999.9"," 0","1020.0","23","999.9"," 0","999.9"," 0","999.9"," 0","999.9","999.9","  70.7","*","  54.0","*"," 0.00","I","999.9","000000"
"99728699999","2025-05-26","39.933","-75.142","5.0","PHILADELPHIA, US","  65.2","21","9999.9"," 0","1022.1","21","999.9"," 0","999.9"," 0","999.9"," 0","999.9","999.9","  73.8","*","  56.1","*"," 0.00","I","999.9","000000"
"99728699999","2025-05-27","39.933","-75.142","5.0","PHILADELPHIA, US","  65.5","22","9999.9"," 0","1026.3","22","999.9"," 0","999.9"," 0","999.9"," 0","999.9","999.9","  73.8","*","  57.2","*"," 0.00","I","999.9","000000"
"99728699999","2025-05-28","39.933","-75.142","5.0","PHILADELPHIA, US","  58.0","23","9999.9"," 0","1025.4","23","999.9"," 0","999.9"," 0","999.9"," 0","999.9","999.9","  66.6","*","  54.1","*"," 0.00","I","999.9","000000"
"99728699999","2025-05-29","39.933","-75.142","5.0","PHILADELPHIA, US","  60.9","24","9999.9"," 0","1017.5","24","999.9"," 0","999.9"," 0","999.9"," 0","999.9","999.9","  72.0","*","  54.7","*"," 0.00","I","999.9","000000"
"99728699999","2025-05-30","39.933","-75.142","5.0","PHILADELPHIA, US","  69.7","24","9999.9"," 0","1007.6","24","999.9"," 0","999.9"," 0","999.9"," 0","999.9","999.9","  81.5","*","  63.3","*"," 0.00","I","999.9","000000"
"99728699999","2025-05-31","39.933","-75.142","5.0","PHILADELPHIA, US","  63.6","24","9999.9"," 0"," 993.6","24","999.9"," 0","999.9"," 0","999.9"," 0","999.9","999.9","  74.3","*","  55.0","*"," 0.00","I","999.9","000000"
"99728699999","2025-06-01","39.933","-75.142","5.0","PHILADELPHIA, US","  61.2","23","9999.9"," 0","1005.6","23","999.9"," 0","999.9"," 0","999.9"," 0","999.9","999.9","  70.7","*","  52.0","*"," 0.00","I","999.9","000000"
"99728699999","2025-06-02","39.933","-75.142","5.0","PHILADELPHIA, US","  65.2","23","9999.9"," 0","1014.4","23","999.9"," 0","999.9"," 0","999.9"," 0","999.9","999.9","  75.9","*","  55.9","*"," 0.00","I","999.9","000000"
"99728699999","2025-06-03","39.933","-75.142","5.0","PHILADELPHIA, US","  70.3","24","9999.9"," 0","1019.5","24","999.9"," 0","999.9"," 0","999.9"," 0","999.9","999.9","  82.8","*","  57.7","*"," 0.00","I","999.9","000000"
"99728699999","2025-06-04","39.933","-75.142","5.0","PHILADELPHIA, US","  75.4","24","9999.9"," 0","1022.0","24","999.9"," 0","999.9"," 0","999.9"," 0","999.9","999.9","  90.0","*","  62.1","*"," 0.00","I","999.9","000000"
"99728699999","2025-06-05","39.933","-75.142","5.0","PHILADELPHIA, US","  78.6","23","9999.9"," 0","1018.4","23","999.9"," 0","999.9"," 0","999.9"," 0","999.9","999.9","  88.5","*","  67.5","*"," 0.00","I","999.9","000000"
"99728699999","2025-06-06","39.933","-75.142","5.0","PHILADELPHIA, US","  78.8","24","9999.9"," 0","1013.9","24","999.9"," 0","999.9"," 0","999.9"," 0","999.9","999.9","  88.9","*","  69.1","*"," 0.00","I","999.9","000000"
"99728699999","2025-06-07","39.933","-75.142","5.0","PHILADELPHIA, US","  74.8","24","9999.9"," 0","1008.5","24","999.9"," 0","999.9"," 0","999.9"," 0","999.9","999.9","  81.3","*","  70.0","*"," 0.00","I","999.9","000000"
"99728699999","2025-06-08","39.933","-75.142","5.0","PHILADELPHIA, US","  70.6","18","9999.9"," 0","1009.1","18","999.9"," 0","999.9"," 0","999.9"," 0","999.9","999.9","  76.8","*","  65.1","*"," 0.00","I","999.9","000000"
"99728699999","2025-06-09","39.933","-75.142","5.0","PHILADELPHIA, US","  65.5","23","9999.9"," 0","1010.9","23","999.9"," 0","999.9"," 0","999.9"," 0","999.9","999.9","  71.2","*","  62.6","*"," 0.00","I","999.9","000000"
"99728699999","2025-06-10","39.933","-75.142","5.0","PHILADELPHIA, US","  70.2","23","9999.9"," 0","1011.0","23","999.9"," 0","999.9"," 0","999.9"," 0","999.9","999.9","  84.2","*","  64.8","*"," 0.00","I","999.9","000000"
"99728699999","2025-06-11","39.933","-75.142","5.0","PHILADELPHIA, US","  77.7","20","9999.9"," 0","1017.1","20","999.9"," 0","999.9"," 0","999.9"," 0","999.9","999.9","  87.3","*","  70.7","*"," 0.00","I","999.9","000000"
"99728699999","2025-06-12","39.933","-75.142","5.0","PHILADELPHIA, US","  81.8","21","9999.9"," 0","1017.4","21","999.9"," 0","999.9"," 0","999.9"," 0","999.9","999.9","  94.5","*","  69.1","*"," 0.00","I","999.9","000000"
"99728699999","2025-06-13","39.933","-75.142","5.0","PHILADELPHIA, US","  78.8","24","9999.9"," 0","1018.1","24","999.9"," 0","999.9"," 0","999.9"," 0","999.9","999.9","  87.3","*","  73.9","*"," 0.00","I","999.9","000000"
"99728699999","2025-06-14","39.933","-75.142","5.0","PHILADELPHIA, US","  68.9","23","9999.9"," 0","1017.6","23","999.9"," 0","999.9"," 0","999.9"," 0","999.9","999.9","  75.7","*","  64.9","*"," 0.00","I","999.9","000000"
"99728699999","2025-06-15","39.933","-75.142","5.0","PHILADELPHIA, US","  61.7","24","9999.9"," 0","1020.4","24","999.9"," 0","999.9"," 0","999.9"," 0","999.9","999.9","  65.1","*","  59.5","*"," 0.00","I","999.9","000000"
"99728699999","2025-06-16","39.933","-75.142","5.0","PHILADELPHIA, US","  63.1","23","9999.9"," 0","1019.8","23","999.9"," 0","999.9"," 0","999.9"," 0","999.9","999.9","  66.6","*","  61.3","*"," 0.00","I","999.9","000000"
"99728699999","2025-06-17","39.933","-75.142","5.0","PHILADELPHIA, US","  68.2","22","9999.9"," 0","1017.0","22","999.9"," 0","999.9"," 0","999.9"," 0","999.9","999.9","  77.7","*","  62.6","*"," 0.00","I","999.9","000000"
"99728699999","2025-06-18","39.933","-75.142","5.0","PHILADELPHIA, US","  74.6","24","9999.9"," 0","1013.4","24","999.9"," 0","999.9"," 0","999.9"," 0","999.9","999.9","  81.5","*","  69.4","*"," 0.00","I","999.9","000000"
"99728699999","2025-06-19","39.933","-75.142","5.0","PHILADELPHIA, US","  82.3","22","9999.9"," 0","1010.4","22","999.9"," 0","999.9"," 0","999.9"," 0","999.9","999.9","  94.3","*","  73.0","*"," 0.00","I","999.9","000000"
"99728699999","2025-06-20","39.933","-75.142","5.0","PHILADELPHIA, US","  73.0","22","9999.9"," 0","1012.3","22","999.9"," 0","999.9"," 0","999.9"," 0","999.9","999.9","  87.4","*","  62.6","*"," 0.00","I","999.9","000000"
"99728699999","2025-06-21","39.933","-75.142","5.0","PHILADELPHIA, US","  82.4","23","9999.9"," 0","1018.8","23","999.9"," 0","999.9"," 0","999.9"," 0","999.9","999.9","  93.9","*","  73.0","*"," 0.00","I","999.9","000000"
"99728699999","2025-06-22","39.933","-75.142","5.0","PHILADELPHIA, US","  81.6","23","9999.9"," 0","1019.1","23","999.9"," 0","999.9"," 0","999.9"," 0","999.9","999.9","  93.2","*","  75.4","*"," 0.00","I","999.9","000000"
"99728699999","2025-06-23","39.933","-75.142","5.0","PHILADELPHIA, US","  89.5","24","9999.9"," 0","1018.2","24","999.9"," 0","999.9"," 0","999.9"," 0","999.9","999.9"," 101.7","*","  78.3","*"," 0.00","I","999.9","000000"
"99728699999","2025-06-24","39.933","-75.142","5.0","PHILADELPHIA, US","  93.7","24","9999.9"," 0","1018.8","24","999.9"," 0","999.9"," 0","999.9"," 0","999.9","999.9"," 102.9","*","  83.1","*"," 0.00","I","999.9","000000"
"99728699999","2025-06-25","39.933","-75.142","5.0","PHILADELPHIA, US","  93.1","24","9999.9"," 0","1017.1","24","999.9"," 0","999.9"," 0","999.9"," 0","999.9","999.9"," 100.0","*","  83.8","*"," 0.00","I","999.9","000000"
"99728699999","2025-06-26","39.933","-75.142","5.0","PHILADELPHIA, US","  80.5","24","9999.9"," 0","1016.2","24","999.9"," 0","999.9"," 0","999.9"," 0","999.9","999.9","  90.9","*","  75.0","*"," 0.00","I","999.9","000000"
"99728699999","2025-06-27","39.933","-75.142","5.0","PHILADELPHIA, US","  68.2","24","9999.9"," 0","1021.8","24","999.9"," 0","999.9"," 0","999.9"," 0","999.9","999.9","  74.1","*","  65.8","*"," 0.00","I","999.9","000000"
"99728699999","2025-06-28","39.933","-75.142","5.0","PHILADELPHIA, US","  73.1","24","9999.9"," 0","1019.3","24","999.9"," 0","999.9"," 0","999.9"," 0","999.9","999.9","  90.3","*","  64.9","*"," 0.00","I","999.9","000000"
"99728699999","2025-06-29","39.933","-75.142","5.0","PHILADELPHIA, US","  85.6","24","9999.9"," 0","1015.1","24","999.9"," 0","999.9"," 0","999.9"," 0","999.9","999.9","  94.1","*","  77.2","*"," 0.00","I","999.9","000000"
"99728699999","2025-06-30","39.933","-75.142","5.0","PHILADELPHIA, US","  83.1","23","9999.9"," 0","1014.8","23","999.9"," 0","999.9"," 0","999.9"," 0","999.9","999.9","  93.4","*","  77.5","*"," 0.00","I","999.9","000000"
"99728699999","2025-07-01","39.933","-75.142","5.0","PHILADELPHIA, US","  77.0","24","9999.9"," 0","1011.4","24","999.9"," 0","999.9"," 0","999.9"," 0","999.9","999.9","  83.8","*","  72.0","*"," 0.00","I","999.9","000000"
"99728699999","2025-07-02","39.933","-75.142","5.0","PHILADELPHIA, US","  75.0","23","9999.9"," 0","1011.4","23","999.9"," 0","999.9"," 0","999.9"," 0","999.9","999.9","  82.4","*","  70.7","*"," 0.00","I","999.9","000000"
"99728699999","2025-07-03","39.933","-75.142","5.0","PHILADELPHIA, US","  83.8","21","9999.9"," 0","1011.0","21","999.9"," 0","999.9"," 0","999.9"," 0","999.9","999.9","  94.5","*","  73.4","*"," 0.00","I","999.9","000000"
"99728699999","2025-07-04","39.933","-75.142","5.0","PHILADELPHIA, US","  78.1","24","9999.9"," 0","1017.0","24","999.9"," 0","999.9"," 0","999.9"," 0","999.9","999.9","  87.4","*","  71.2","*"," 0.00","I","999.9","000000"
"99728699999","2025-07-05","39.933","-75.142","5.0","PHILADELPHIA, US","  81.2","23","9999.9"," 0","1020.8","23","999.9"," 0","999.9"," 0","999.9"," 0","999.9","999.9","  91.6","*","  71.1","*"," 0.00","I","999.9","000000"
"99728699999","2025-07-06","39.933","-75.142","5.0","PHILADELPHIA, US","  82.6","23","9999.9"," 0","1018.5","23","999.9"," 0","999.9"," 0","999.9"," 0","999.9","999.9","  92.8","*","  71.8","*"," 0.00","I","999.9","000000"
"99728699999","2025-07-07","39.933","-75.142","5.0","PHILADELPHIA, US","  83.5","23","9999.9"," 0","1014.9","23","999.9"," 0","999.9"," 0","999.9"," 0","999.9","999.9","  92.3","*","  77.5","*"," 0.00","I","999.9","000000"
"99728699999","2025-07-08","39.933","-75.142","5.0","PHILADELPHIA, US","  85.8","23","9999.9"," 0","1014.9","23","999.9"," 0","999.9"," 0","999.9"," 0","999.9","999.9","  98.4","*","  73.6","*"," 0.00","I","999.9","000000"
"99728699999","2025-07-09","39.933","-75.142","5.0","PHILADELPHIA, US","  77.8","24","9999.9"," 0","1015.9","24","999.9"," 0","999.9"," 0","999.9"," 0","999.9","999.9","  88.7","*","  73.4","*"," 0.00","I","999.9","000000"
"99728699999","2025-07-10","39.933","-75.142","5.0","PHILADELPHIA, US","  75.1","24","9999.9"," 0","1014.5","24","999.9"," 0","999.9"," 0","999.9"," 0","999.9","999.9","  87.1","*","  69.4","*"," 0.00","I","999.9","000000"
"99728699999","2025-07-11","39.933","-75.142","5.0","PHILADELPHIA, US","  80.3","21","9999.9"," 0","1015.7","21","999.9"," 0","999.9"," 0","999.9"," 0","999.9","999.9","  91.6","*","  73.8","*"," 0.00","I","999.9","000000"
"99728699999","2025-07-12","39.933","-75.142","5.0","PHILADELPHIA, US","  81.6","23","9999.9"," 0","1017.5","23","999.9"," 0","999.9"," 0","999.9"," 0","999.9","999.9","  93.0","*","  75.4","*"," 0.00","I","999.9","000000"
"99728699999","2025-07-13","39.933","-75.142","5.0","PHILADELPHIA, US","  81.6","24","9999.9"," 0","1017.8","24","999.9"," 0","999.9"," 0","999.9"," 0","999.9","999.9","  90.5","*","  75.9","*"," 0.00","I","999.9","000000"
"99728699999","2025-07-14","39.933","-75.142","5.0","PHILADELPHIA, US","  81.9","19","9999.9"," 0","1017.2","19","999.9"," 0","999.9"," 0","999.9"," 0","999.9","999.9","  91.2","*","  76.3","*"," 0.00","I","999.9","000000"
"99728699999","2025-07-15","39.933","-75.142","5.0","PHILADELPHIA, US","  78.3","23","9999.9"," 0","1017.9","23","999.9"," 0","999.9"," 0","999.9"," 0","999.9","999.9","  86.9","*","  73.8","*"," 0.00","I","999.9","000000"
"99728699999","2025-07-16","39.933","-75.142","5.0","PHILADELPHIA, US","  84.5","24","9999.9"," 0","1016.6","24","999.9"," 0","999.9"," 0","999.9"," 0","999.9","999.9","  95.0","*","  77.0","*"," 0.00","I","999.9","000000"
"99728699999","2025-07-17","39.933","-75.142","5.0","PHILADELPHIA, US","  81.8","21","9999.9"," 0","1012.9","21","999.9"," 0","999.9"," 0","999.9"," 0","999.9","999.9","  94.6","*","  73.6","*"," 0.00","I","999.9","000000"
